<step title="BackgroundTrace" date="2025-08-04T22:09:11.081" instance="6db5fe" url="/api/zipdeploy" method="POST" >
  <step title="Creating temporary deployment - FetchDeploymentManager" date="2025-08-04T22:09:11.160" /><!-- duration: 3ms -->
  <step title="Creating temporary deployment" date="2025-08-04T22:09:11.171" /><!-- duration: 105ms -->
  <step title="Performing fetch based deployment" date="2025-08-04T22:09:11.297" >
    <step title="Cleaning up temp folders from previous zip deployments and extracting pushed zip file /tmp/zipdeploy/818d1fc2-1730-4dcf-8733-d7f4ca992ea3.zip (0.03 MB) to /tmp/zipdeploy/extracted" date="2025-08-04T22:09:12.517" >
      <step title="ChmodRecursive Process exited with total time taken in ms: 234" date="2025-08-04T22:09:12.919" /><!-- duration: 49ms -->
    </step><!-- duration: 480ms -->
    <step title="Deployment timer started" date="2025-08-04T22:09:15.031" >
      <step title="DeploymentManager.Deploy(id:d9fdc2f0-e8b8-4942-a0e5-f04bef73a412)" date="2025-08-04T22:09:15.043" >
        <step title="Collecting changeset information" date="2025-08-04T22:09:15.095" /><!-- duration: 153ms -->
        <step title="Updating submodules" date="2025-08-04T22:09:15.255" /><!-- duration: 1163ms -->
        <step title="Determining deployment builder" date="2025-08-04T22:09:16.667" >
          <step title="Builder is OryxBuilder" date="2025-08-04T22:09:16.692" /><!-- duration: 3ms -->
        </step><!-- duration: 65ms -->
        <step title="PreDeployment: context.CleanOutputPath False" date="2025-08-04T22:09:16.812" >
          <step title="PreDeployment: context.OutputPath /home/site/wwwroot" date="2025-08-04T22:09:16.924" >
            <step title="Building" date="2025-08-04T22:09:17.128" >
              <step title="Executing external process" date="2025-08-04T22:09:18.029" type="process" path="bash" arguments="-c &quot;oryx build /tmp/zipdeploy/extracted -o /home/site/wwwroot --platform python --platform-version 3.11 -p virtualenv_name=antenv --log-file /tmp/build-debug.log  -i /tmp/8ddd3a38dba7e6d --compress-destination-dir | tee /tmp/oryx-build.log ; exit $PIPESTATUS &quot;" /><!-- duration: 70522ms -->
              <step title="Using PythonDeploymentLogParser" date="2025-08-04T22:10:28.974" /><!-- duration: 3ms -->
              <step title="Triggering recycle (preview mode disabled)." date="2025-08-04T22:10:30.240" /><!-- duration: 24ms -->
              <step title="Modified file to trigger a restart of the app container." date="2025-08-04T22:10:30.314" /><!-- duration: 4ms -->
              <step title="Skip function trigger and logicapp sync because function is not enabled." date="2025-08-04T22:10:30.329" /><!-- duration: 3ms -->
              <step title="Purge deployment items" date="2025-08-04T22:10:31.390" >
                <step title="Remove 20384935-, Success, received at 08/04/2025 19:35:38" date="2025-08-04T22:10:31.443" /><!-- duration: 4ms -->
              </step><!-- duration: 63ms -->
            </step><!-- duration: 74440ms -->
          </step><!-- duration: 74648ms -->
          <step title="Cleaning up temp files" date="2025-08-04T22:10:31.601" /><!-- duration: 776ms -->
          <step title="Cleaning up temp files" date="2025-08-04T22:10:32.381" /><!-- duration: 517ms -->
          <step title="Reloading status file with latest updates" date="2025-08-04T22:10:32.940" >
            <step title="WebHooksManager.PublishEventAsync: PostDeployment" date="2025-08-04T22:10:32.956" /><!-- duration: 51ms -->
          </step><!-- duration: 71ms -->
          <step title="Cleaning up temporary deployment - fetch deployment was successful" date="2025-08-04T22:10:33.016" /><!-- duration: 3ms -->
        </step><!-- duration: 76265ms -->
      </step><!-- duration: 78056ms -->
