<step title="Incoming Request" date="2025-08-04T19:53:11.694" instance="6db5fe" url="/api/publish?type=zip&amp;restart=True" method="POST" type="request" pid="782,1,28" Accept="*/*" Host="pharmassist-enterprise.scm.azurewebsites.net" User-Agent="AZURECLI/2.75.0 (MSI)" Accept-Encoding="gzip, deflate" Authorization="Bas..." Cache-Control="no-cache" Content-Type="application/octet-stream" Cookie="ARRAffinity=6db5fe3709d4444b9c04907ca05f920ef31de709c6d20b04e0a56f99d39a3800; ARRAffinitySameSite=6db5fe3709d4444b9c04907ca05f920ef31de709c6d20b04e0a56f99d39a3800" Content-Length="42790" x-ms-client-request-id="a07ed921-716c-11f0-ae7c-9c67d682987a" x-ms-artifact-checksum="a75b6bc55f91659b7be92517b6e8d82c11bb31db605fbcc92647f9111af720fa" X-ARR-LOG-ID="a07ed921-716c-11f0-ae7c-9c67d682987a" CLIENT-IP="167.248.114.72:63166" X-SITE-DEPLOYMENT-ID="pharmassist-enterprise" WAS-DEFAULT-HOSTNAME="pharmassist-enterprise.scm.azurewebsites.net" X-Forwarded-Proto="https" X-AppService-Proto="https" X-Forwarded-TlsVersion="1.3" X-WAWS-Unencoded-URL="/api/publish?type=zip&amp;restart=True" X-Client-IP="167.248.114.72" X-Client-Port="63166" >
  <step title="OneDeploy" date="2025-08-04T19:53:11.717" >
    <step title="Starting PushDeployAsync" date="2025-08-04T19:53:11.732" /><!-- duration: 3ms -->
    <step title="Writing artifact to /tmp/zipdeploy/0f0cda1f-99e2-403c-8b35-d6e657087254.zip" date="2025-08-04T19:53:11.745" >
      <step title="Writing multipart request body to /tmp/zipdeploy/0f0cda1f-99e2-403c-8b35-d6e657087254.zip" date="2025-08-04T19:53:11.755" /><!-- duration: 10ms -->
    </step><!-- duration: 61ms -->
    <step title="Removing previous build artifact&apos;s manifest file" date="2025-08-04T19:53:11.835" >
      <step title="Attempting to fetch target branch HEAD" date="2025-08-04T19:53:11.872" /><!-- duration: 3ms -->
      <step title="Acquiring Deployment Lock" date="2025-08-04T19:53:11.883" /><!-- duration: 3ms -->
      <step title="Acquired Deployment Lock" date="2025-08-04T19:53:11.929" /><!-- duration: 3ms -->
      <step title="Performing fetch based deployment" date="2025-08-04T19:53:11.939" >
        <step title="Creating temporary deployment" date="2025-08-04T19:53:11.945" /><!-- duration: 67ms -->
        <step title="Releasing Deployment Lock" date="2025-08-04T19:53:13.221" /><!-- duration: 26ms -->
        <step title="Cleaning up temp folders from previous zip deployments and extracting pushed zip file /tmp/zipdeploy/0f0cda1f-99e2-403c-8b35-d6e657087254.zip (0.04 MB) to /tmp/zipdeploy/extracted" date="2025-08-04T19:53:13.301" >
          <step title="ChmodRecursive Process exited with total time taken in ms: 545" date="2025-08-04T19:53:14.085" /><!-- duration: 20ms -->
        </step><!-- duration: 893ms -->
        <step title="None repository commit" date="2025-08-04T19:53:14.216" >
          <step title="Commit id: 740b41eb-5534-4feb-8620-2efb8683a4ee" date="2025-08-04T19:53:14.236" Message="OneDeploy" AuthorName="N/A" AuthorEmail="N/A" /><!-- duration: 19ms -->
        </step><!-- duration: 59ms -->
        <step title="Deployment timer started" date="2025-08-04T19:53:16.287" >
          <step title="DeploymentManager.Deploy(id:740b41eb-5534-4feb-8620-2efb8683a4ee)" date="2025-08-04T19:53:16.296" >
            <step title="Collecting changeset information" date="2025-08-04T19:53:16.342" /><!-- duration: 104ms -->
            <step title="Updating submodules" date="2025-08-04T19:53:16.453" /><!-- duration: 1161ms -->
            <step title="Determining deployment builder" date="2025-08-04T19:53:17.855" >
              <step title="Builder is OryxBuilder" date="2025-08-04T19:53:17.886" /><!-- duration: 4ms -->
            </step><!-- duration: 41ms -->
            <step title="PreDeployment: context.CleanOutputPath False" date="2025-08-04T19:53:17.964" >
              <step title="PreDeployment: context.OutputPath /home/site/wwwroot" date="2025-08-04T19:53:18.113" >
                <step title="Building" date="2025-08-04T19:53:18.356" >
                  <step title="Executing external process" date="2025-08-04T19:53:18.976" type="process" path="bash" arguments="-c &quot;oryx build /tmp/zipdeploy/extracted -o /home/site/wwwroot --platform python --platform-version 3.11 -p virtualenv_name=antenv --log-file /tmp/build-debug.log  -i /tmp/8ddd3908eaf340c --compress-destination-dir | tee /tmp/oryx-build.log ; exit $PIPESTATUS &quot;" /><!-- duration: 139492ms -->
                  <step title="Using PythonDeploymentLogParser" date="2025-08-04T19:55:38.905" /><!-- duration: 38ms -->
                  <step title="Modified file to trigger a restart of the app container." date="2025-08-04T19:55:40.362" /><!-- duration: 14ms -->
                  <step title="Skip function trigger and logicapp sync because function is not enabled." date="2025-08-04T19:55:40.388" /><!-- duration: 10ms -->
                  <step title="Purge deployment items" date="2025-08-04T19:55:41.434" >
                    <step title="Remove 51e5bb27-, Success, received at 08/04/2025 17:27:35" date="2025-08-04T19:55:41.479" /><!-- duration: 5ms -->
                  </step><!-- duration: 53ms -->
                </step><!-- duration: 143222ms -->
              </step><!-- duration: 143472ms -->
              <step title="Cleaning up temp files" date="2025-08-04T19:55:41.587" /><!-- duration: 804ms -->
              <step title="Cleaning up temp files" date="2025-08-04T19:55:42.421" /><!-- duration: 564ms -->
              <step title="Reloading status file with latest updates" date="2025-08-04T19:55:43.022" >
                <step title="WebHooksManager.PublishEventAsync: PostDeployment" date="2025-08-04T19:55:43.029" /><!-- duration: 36ms -->
              </step><!-- duration: 46ms -->
              <step title="Cleaning up temporary deployment - fetch deployment was successful" date="2025-08-04T19:55:43.074" /><!-- duration: 5ms -->
            </step><!-- duration: 145163ms -->
          </step><!-- duration: 146839ms -->
          <step title="Outgoing response" date="2025-08-04T19:55:43.146" type="response" statusCode="200" statusText="OK" /><!-- duration: 3ms -->
        </step><!-- duration: 146865ms -->
