<step title="Incoming Request" date="2025-08-04T18:42:28.826" instance="6db5fe" url="/api/publish?type=zip" method="POST" type="request" pid="780,1,33" Accept="*/*" Host="pharmassist-enterprise.scm.azurewebsites.net" User-Agent="AZURECLI/2.75.0 (MSI)" Accept-Encoding="gzip, deflate" Authorization="Bas..." Cache-Control="no-cache" Content-Type="application/octet-stream" Cookie="ARRAffinity=6db5fe3709d4444b9c04907ca05f920ef31de709c6d20b04e0a56f99d39a3800; ARRAffinitySameSite=6db5fe3709d4444b9c04907ca05f920ef31de709c6d20b04e0a56f99d39a3800" Content-Length="37997" x-ms-client-request-id="bddc2452-7162-11f0-ae4d-9c67d682987a" x-ms-artifact-checksum="15147e7fd8f033e22da0fa038b2154520f78111eea17905fee683970e52c9647" X-ARR-LOG-ID="bddc2452-7162-11f0-ae4d-9c67d682987a" CLIENT-IP="167.248.114.72:63693" X-SITE-DEPLOYMENT-ID="pharmassist-enterprise" WAS-DEFAULT-HOSTNAME="pharmassist-enterprise.scm.azurewebsites.net" X-Forwarded-Proto="https" X-AppService-Proto="https" X-Forwarded-TlsVersion="1.3" X-WAWS-Unencoded-URL="/api/publish?type=zip" X-Client-IP="167.248.114.72" X-Client-Port="63693" >
  <step title="Cleanup Xml Logs" date="2025-08-04T18:42:28.868" /><!-- duration: 151ms -->
  <step title="OneDeploy" date="2025-08-04T18:42:29.118" >
    <step title="Starting PushDeployAsync" date="2025-08-04T18:42:29.160" /><!-- duration: 10ms -->
    <step title="Writing artifact to /tmp/zipdeploy/deb4395d-19ef-4c9c-b519-d6f3e2fc6c92.zip" date="2025-08-04T18:42:29.209" >
      <step title="Writing multipart request body to /tmp/zipdeploy/deb4395d-19ef-4c9c-b519-d6f3e2fc6c92.zip" date="2025-08-04T18:42:29.219" /><!-- duration: 20ms -->
    </step><!-- duration: 141ms -->
    <step title="Removing previous build artifact&apos;s manifest file" date="2025-08-04T18:42:29.378" >
      <step title="Attempting to fetch target branch HEAD" date="2025-08-04T18:42:29.429" /><!-- duration: 20ms -->
      <step title="Acquiring Deployment Lock" date="2025-08-04T18:42:29.468" /><!-- duration: 71ms -->
      <step title="Acquired Deployment Lock" date="2025-08-04T18:42:29.619" /><!-- duration: 20ms -->
      <step title="Performing fetch based deployment" date="2025-08-04T18:42:29.663" >
        <step title="Creating temporary deployment" date="2025-08-04T18:42:29.680" /><!-- duration: 203ms -->
        <step title="Releasing Deployment Lock" date="2025-08-04T18:42:31.423" /><!-- duration: 70ms -->
        <step title="Cleaning up temp folders from previous zip deployments and extracting pushed zip file /tmp/zipdeploy/deb4395d-19ef-4c9c-b519-d6f3e2fc6c92.zip (0.04 MB) to /tmp/zipdeploy/extracted" date="2025-08-04T18:42:31.594" >
          <step title="ChmodRecursive Process exited with total time taken in ms: 193" date="2025-08-04T18:42:32.117" /><!-- duration: 10ms -->
        </step><!-- duration: 543ms -->
        <step title="None repository commit" date="2025-08-04T18:42:32.157" >
          <step title="Commit id: 64b1ceed-8db8-4a13-b3c6-0c03f3bf0baf" date="2025-08-04T18:42:32.176" Message="OneDeploy" AuthorName="N/A" AuthorEmail="N/A" /><!-- duration: 9ms -->
        </step><!-- duration: 38ms -->
        <step title="Deployment timer started" date="2025-08-04T18:42:34.206" >
          <step title="DeploymentManager.Deploy(id:64b1ceed-8db8-4a13-b3c6-0c03f3bf0baf)" date="2025-08-04T18:42:34.328" >
            <step title="Collecting changeset information" date="2025-08-04T18:42:34.458" /><!-- duration: 271ms -->
            <step title="Updating submodules" date="2025-08-04T18:42:34.788" /><!-- duration: 1573ms -->
            <step title="Determining deployment builder" date="2025-08-04T18:42:36.780" >
              <step title="Builder is OryxBuilder" date="2025-08-04T18:42:36.832" /><!-- duration: 22ms -->
            </step><!-- duration: 111ms -->
            <step title="PreDeployment: context.CleanOutputPath False" date="2025-08-04T18:42:37.013" >
              <step title="PreDeployment: context.OutputPath /home/site/wwwroot" date="2025-08-04T18:42:37.264" >
                <step title="Building" date="2025-08-04T18:42:37.676" >
                  <step title="Executing external process" date="2025-08-04T18:42:38.973" type="process" path="bash" arguments="-c &quot;oryx build /tmp/zipdeploy/extracted -o /home/site/wwwroot --platform python --platform-version 3.11 -p virtualenv_name=antenv --log-file /tmp/build-debug.log  -i /tmp/8ddd386aed9462f --compress-destination-dir | tee /tmp/oryx-build.log ; exit $PIPESTATUS &quot;" >
                    <step title="Cpu: gzip(1469,20.350s)+sh(1468,0.010s)+tar(1467,1.060s)+build.sh(1328,0.090s)+oryx(1310,6.390s)+tee(1311,0.010s)+bash(1308,0.000s)=total(27.900s)" date="2025-08-04T18:45:24.257" /><!-- duration: 69ms -->
                    <step title="bash: no io activity for 60s, prev-cpu=-1.000s, current-cpu=27.900s" date="2025-08-04T18:45:24.355" /><!-- duration: 42ms -->
                  </step><!-- duration: 170740ms -->
                  <step title="Using PythonDeploymentLogParser" date="2025-08-04T18:45:30.188" /><!-- duration: 10ms -->
                  <step title="Modified file to trigger a restart of the app container." date="2025-08-04T18:45:31.574" /><!-- duration: 6ms -->
                  <step title="Skip function trigger and logicapp sync because function is not enabled." date="2025-08-04T18:45:31.590" /><!-- duration: 40ms -->
                </step><!-- duration: 175031ms -->
              </step><!-- duration: 175450ms -->
              <step title="Cleaning up temp files" date="2025-08-04T18:45:32.717" /><!-- duration: 842ms -->
              <step title="Cleaning up temp files" date="2025-08-04T18:45:33.571" /><!-- duration: 643ms -->
              <step title="Reloading status file with latest updates" date="2025-08-04T18:45:34.267" >
                <step title="WebHooksManager.PublishEventAsync: PostDeployment" date="2025-08-04T18:45:34.304" /><!-- duration: 103ms -->
              </step><!-- duration: 168ms -->
              <step title="Cleaning up temporary deployment - fetch deployment was successful" date="2025-08-04T18:45:34.465" /><!-- duration: 11ms -->
            </step><!-- duration: 177572ms -->
          </step><!-- duration: 180317ms -->
          <step title="Outgoing response" date="2025-08-04T18:45:34.718" type="response" statusCode="200" statusText="OK" /><!-- duration: 9ms -->
        </step><!-- duration: 180532ms -->
