<step title="Incoming Request" date="2025-08-04T23:06:45.885" instance="de37e0" url="/api/deployments/latest" method="GET" type="request" pid="768,1,16" Accept="*/*" Host="pharmassist-enterprise.scm.azurewebsites.net" User-Agent="AZURECLI/2.75.0 (MSI)" Accept-Encoding="gzip, deflate" Authorization="Bas..." x-ms-client-request-id="a9f89e89-7187-11f0-83ca-9c67d682987a" X-ARR-LOG-ID="a9f89e89-7187-11f0-83ca-9c67d682987a" CLIENT-IP="167.248.114.72:59718" X-SITE-DEPLOYMENT-ID="pharmassist-enterprise" WAS-DEFAULT-HOSTNAME="pharmassist-enterprise.scm.azurewebsites.net" X-Forwarded-Proto="https" X-AppService-Proto="https" X-Forwarded-TlsVersion="1.3" X-WAWS-Unencoded-URL="/api/deployments/latest" X-Client-IP="167.248.114.72" X-Client-Port="59718" >
  <step title="Cleanup Xml Logs" date="2025-08-04T23:06:45.920" >
    <step title="Cleanup Infos" date="2025-08-04T23:06:45.930" totalFiles="285" totalCleanup="125" /><!-- duration: 2ms -->
  </step><!-- duration: 14ms -->
  <step title="DeploymentService.GetResult" date="2025-08-04T23:06:45.952" >
    <step title="DeploymentService.GetLatestDeployment" date="2025-08-04T23:06:45.976" >
      <step title="DeploymentManager.GetResults" date="2025-08-04T23:06:45.979" /><!-- duration: 805ms -->
    </step><!-- duration: 817ms -->
  </step><!-- duration: 842ms -->
  <step title="Outgoing response" date="2025-08-04T23:06:46.797" type="response" statusCode="202" statusText="Accepted" /><!-- duration: 1ms -->
</step><!-- duration: 922ms -->
