<step title="Incoming Request" date="2025-08-04T23:11:16.684" instance="de37e0" url="/api/deployments/latest" method="GET" type="request" pid="768,1,26" Accept="*/*" Host="pharmassist-enterprise.scm.azurewebsites.net" User-Agent="AZURECLI/2.75.0 (MSI)" Accept-Encoding="gzip, deflate" Authorization="Bas..." x-ms-client-request-id="4b788543-7188-11f0-9971-9c67d682987a" X-ARR-LOG-ID="4b788543-7188-11f0-9971-9c67d682987a" CLIENT-IP="167.248.114.72:59926" X-SITE-DEPLOYMENT-ID="pharmassist-enterprise" WAS-DEFAULT-HOSTNAME="pharmassist-enterprise.scm.azurewebsites.net" X-Forwarded-Proto="https" X-AppService-Proto="https" X-Forwarded-TlsVersion="1.3" X-WAWS-Unencoded-URL="/api/deployments/latest" X-Client-IP="167.248.114.72" X-Client-Port="59926" >
  <step title="Cleanup Xml Logs" date="2025-08-04T23:11:16.687" >
    <step title="Cleanup Infos" date="2025-08-04T23:11:16.709" totalFiles="291" totalCleanup="131" /><!-- duration: 24ms -->
  </step><!-- duration: 48ms -->
  <step title="DeploymentService.GetResult" date="2025-08-04T23:11:16.740" >
    <step title="DeploymentService.GetLatestDeployment" date="2025-08-04T23:11:16.742" >
      <step title="DeploymentManager.GetResults" date="2025-08-04T23:11:16.744" /><!-- duration: 421ms -->
    </step><!-- duration: 425ms -->
  </step><!-- duration: 428ms -->
  <step title="Outgoing response" date="2025-08-04T23:11:17.172" type="response" statusCode="202" statusText="Accepted" /><!-- duration: 4ms -->
</step><!-- duration: 495ms -->
