<step title="BackgroundTrace" date="2025-08-04T21:25:59.448" instance="6db5fe" url="/api/zipdeploy" method="POST" >
  <step title="Cleanup Xml Logs" date="2025-08-04T21:25:59.459" /><!-- duration: 15ms -->
  <step title="Creating temporary deployment - FetchDeploymentManager" date="2025-08-04T21:25:59.675" /><!-- duration: 2ms -->
  <step title="Creating temporary deployment" date="2025-08-04T21:25:59.688" /><!-- duration: 108ms -->
  <step title="Performing fetch based deployment" date="2025-08-04T21:25:59.898" >
    <step title="Cleaning up temp folders from previous zip deployments and extracting pushed zip file /tmp/zipdeploy/3db47a4a-6b17-410d-aac4-a9f93f4af898.zip (65.98 MB) to /tmp/zipdeploy/extracted" date="2025-08-04T21:26:01.131" >
      <step title="ChmodRecursive Process exited with total time taken in ms: 763" date="2025-08-04T21:26:22.056" /><!-- duration: 11ms -->
    </step><!-- duration: 20946ms -->
    <step title="Deployment timer started" date="2025-08-04T21:26:24.111" >
      <step title="DeploymentManager.Deploy(id:31581c3c-f499-4bc8-aa30-9fb848d5a8b6)" date="2025-08-04T21:26:24.132" >
        <step title="Collecting changeset information" date="2025-08-04T21:26:24.233" /><!-- duration: 250ms -->
        <step title="Updating submodules" date="2025-08-04T21:26:24.505" /><!-- duration: 1238ms -->
        <step title="Determining deployment builder" date="2025-08-04T21:26:26.060" >
          <step title="Builder is OryxBuilder" date="2025-08-04T21:26:26.091" /><!-- duration: 9ms -->
        </step><!-- duration: 60ms -->
        <step title="PreDeployment: context.CleanOutputPath False" date="2025-08-04T21:26:26.958" >
          <step title="PreDeployment: context.OutputPath /home/site/wwwroot" date="2025-08-04T21:26:27.085" >
            <step title="Building" date="2025-08-04T21:26:27.326" >
              <step title="Executing external process" date="2025-08-04T21:26:27.938" type="process" path="bash" arguments="-c &quot;oryx build /tmp/zipdeploy/extracted -o /home/site/wwwroot --platform python --platform-version 3.11 -p virtualenv_name=antenv --log-file /tmp/build-debug.log  -i /tmp/8ddd39d9186c647 --compress-destination-dir | tee /tmp/oryx-build.log ; exit $PIPESTATUS &quot;" >
                <step title="Cpu: gzip(1759,13.830s)+tar(1758,4.600s)+build.sh(1744,0.030s)+oryx(1723,9.330s)+tee(1724,0.000s)+bash(1722,0.010s)=total(27.800s)" date="2025-08-04T21:28:01.157" /><!-- duration: 79ms -->
                <step title="bash: no io activity for 61s, prev-cpu=-1.000s, current-cpu=27.800s" date="2025-08-04T21:28:01.326" /><!-- duration: 42ms -->
                <step title="Cpu: gzip(1938,19.590s)+sh(1937,0.000s)+tar(1936,1.410s)+build.sh(1744,0.130s)+oryx(1723,10.530s)+tee(1724,0.000s)+bash(1722,0.010s)=total(31.660s)" date="2025-08-04T21:31:11.522" /><!-- duration: 110ms -->
                <step title="bash: no io activity for 60s, prev-cpu=-1.000s, current-cpu=31.660s" date="2025-08-04T21:31:11.781" /><!-- duration: 40ms -->
                <step title="Cpu: gzip(1938,43.100s)+sh(1937,0.000s)+tar(1936,3.110s)+build.sh(1744,0.130s)+oryx(1723,10.610s)+tee(1724,0.000s)+bash(1722,0.010s)=total(56.960s)" date="2025-08-04T21:32:12.283" /><!-- duration: 89ms -->
                <step title="bash: no io activity for 121s, prev-cpu=31.660s, current-cpu=56.960s" date="2025-08-04T21:32:12.412" /><!-- duration: 31ms -->
              </step><!-- duration: 386065ms -->
              <step title="Using PythonDeploymentLogParser" date="2025-08-04T21:32:54.617" /><!-- duration: 4ms -->
              <step title="Triggering recycle (preview mode disabled)." date="2025-08-04T21:32:55.905" /><!-- duration: 13ms -->
              <step title="Modified file to trigger a restart of the app container." date="2025-08-04T21:32:55.968" /><!-- duration: 4ms -->
              <step title="Skip function trigger and logicapp sync because function is not enabled." date="2025-08-04T21:32:55.988" /><!-- duration: 10ms -->
              <step title="Purge deployment items" date="2025-08-04T21:32:57.055" >
                <step title="Remove temp-3957, Pending, received at 08/04/2025 21:25:59" date="2025-08-04T21:32:57.118" /><!-- duration: 6ms -->
                <step title="Remove temp-da21, Pending, received at 08/04/2025 20:20:32" date="2025-08-04T21:32:57.210" /><!-- duration: 3ms -->
                <step title="Remove 8227c457-, Success, received at 08/04/2025 18:00:58" date="2025-08-04T21:32:57.265" /><!-- duration: 3ms -->
              </step><!-- duration: 226ms -->
            </step><!-- duration: 390020ms -->
          </step><!-- duration: 390264ms -->
          <step title="Cleaning up temp files" date="2025-08-04T21:32:57.352" /><!-- duration: 3047ms -->
          <step title="Cleaning up temp files" date="2025-08-04T21:33:00.405" /><!-- duration: 513ms -->
          <step title="Reloading status file with latest updates" date="2025-08-04T21:33:00.946" >
            <step title="WebHooksManager.PublishEventAsync: PostDeployment" date="2025-08-04T21:33:00.959" /><!-- duration: 144ms -->
          </step><!-- duration: 160ms -->
          <step title="Cleaning up temporary deployment - fetch deployment was successful" date="2025-08-04T21:33:01.122" /><!-- duration: 3ms -->
        </step><!-- duration: 394212ms -->
      </step><!-- duration: 397060ms -->
