<step title="BackgroundTrace" date="2025-08-04T22:03:56.978" instance="6db5fe" url="/api/zipdeploy" method="POST" >
  <step title="Creating temporary deployment - FetchDeploymentManager" date="2025-08-04T22:03:57.108" /><!-- duration: 10ms -->
  <step title="Creating temporary deployment" date="2025-08-04T22:03:57.129" /><!-- duration: 142ms -->
  <step title="Performing fetch based deployment" date="2025-08-04T22:03:57.352" >
    <step title="Cleaning up temp folders from previous zip deployments and extracting pushed zip file /tmp/zipdeploy/bfa3bfa8-0327-44f3-8b23-dfbd099f18a9.zip (0.00 MB) to /tmp/zipdeploy/extracted" date="2025-08-04T22:03:58.632" >
      <step title="ChmodRecursive Process exited with total time taken in ms: 240" date="2025-08-04T22:03:59.025" /><!-- duration: 19ms -->
    </step><!-- duration: 423ms -->
    <step title="Deployment timer started" date="2025-08-04T22:04:01.087" >
      <step title="DeploymentManager.Deploy(id:39c97ad3-3359-495f-b920-2088b8d1ecc5)" date="2025-08-04T22:04:01.100" >
        <step title="Collecting changeset information" date="2025-08-04T22:04:01.142" /><!-- duration: 182ms -->
        <step title="Updating submodules" date="2025-08-04T22:04:01.345" /><!-- duration: 1283ms -->
        <step title="Determining deployment builder" date="2025-08-04T22:04:03.021" >
          <step title="Builder is OryxBuilder" date="2025-08-04T22:04:03.044" /><!-- duration: 19ms -->
        </step><!-- duration: 73ms -->
        <step title="PreDeployment: context.CleanOutputPath False" date="2025-08-04T22:04:03.243" >
          <step title="PreDeployment: context.OutputPath /home/site/wwwroot" date="2025-08-04T22:04:04.448" >
            <step title="Building" date="2025-08-04T22:04:04.772" >
              <step title="Executing external process" date="2025-08-04T22:04:05.717" type="process" path="bash" arguments="-c &quot;oryx build /tmp/zipdeploy/extracted -o /home/site/wwwroot --platform python --platform-version 3.11 -p virtualenv_name=antenv --log-file /tmp/build-debug.log  -i /tmp/8ddd3a2d2d278d9 --compress-destination-dir | tee /tmp/oryx-build.log ; exit $PIPESTATUS &quot;" /><!-- duration: 96245ms -->
              <step title="Using PythonDeploymentLogParser" date="2025-08-04T22:05:42.319" /><!-- duration: 10ms -->
              <step title="Triggering recycle (preview mode disabled)." date="2025-08-04T22:05:43.447" /><!-- duration: 17ms -->
              <step title="Modified file to trigger a restart of the app container." date="2025-08-04T22:05:43.518" /><!-- duration: 4ms -->
              <step title="Skip function trigger and logicapp sync because function is not enabled." date="2025-08-04T22:05:43.525" /><!-- duration: 6ms -->
              <step title="Purge deployment items" date="2025-08-04T22:05:44.912" >
                <step title="Remove 6125f597-, Success, received at 08/04/2025 19:27:04" date="2025-08-04T22:05:44.972" /><!-- duration: 3ms -->
              </step><!-- duration: 71ms -->
            </step><!-- duration: 100286ms -->
          </step><!-- duration: 100613ms -->
          <step title="Cleaning up temp files" date="2025-08-04T22:05:45.064" /><!-- duration: 495ms -->
          <step title="Cleaning up temp files" date="2025-08-04T22:05:45.563" /><!-- duration: 526ms -->
          <step title="Reloading status file with latest updates" date="2025-08-04T22:05:46.178" >
            <step title="WebHooksManager.PublishEventAsync: PostDeployment" date="2025-08-04T22:05:46.197" /><!-- duration: 62ms -->
          </step><!-- duration: 90ms -->
          <step title="Cleaning up temporary deployment - fetch deployment was successful" date="2025-08-04T22:05:46.290" /><!-- duration: 9ms -->
        </step><!-- duration: 103111ms -->
      </step><!-- duration: 105301ms -->
