<step title="Incoming Request" date="2025-08-04T22:14:48.831" instance="6db5fe" url="/api/zipdeploy?isAsync=true" method="POST" type="request" pid="780,1,27" Accept="*/*" Host="pharmassist-enterprise.scm.azurewebsites.net" User-Agent="AZURECLI/2.75.0 (MSI)" Accept-Encoding="gzip, deflate" Authorization="Bas..." Cache-Control="no-cache" Content-Type="application/octet-stream" Cookie="ARRAffinity=6db5fe3709d4444b9c04907ca05f920ef31de709c6d20b04e0a56f99d39a3800; ARRAffinitySameSite=6db5fe3709d4444b9c04907ca05f920ef31de709c6d20b04e0a56f99d39a3800" Content-Length="56595" x-ms-client-request-id="69af605d-7180-11f0-a3cb-9c67d682987a" x-ms-artifact-checksum="46af53cffd99f81ed299424cb0baec59d29a998bcc51cf9e0f9bde69550f7dec" X-ARR-LOG-ID="69af605d-7180-11f0-a3cb-9c67d682987a" CLIENT-IP="167.248.114.72:54464" X-SITE-DEPLOYMENT-ID="pharmassist-enterprise" WAS-DEFAULT-HOSTNAME="pharmassist-enterprise.scm.azurewebsites.net" X-Forwarded-Proto="https" X-AppService-Proto="https" X-Forwarded-TlsVersion="1.3" X-WAWS-Unencoded-URL="/api/zipdeploy?isAsync=true" X-Client-IP="167.248.114.72" X-Client-Port="54464" >
  <step title="ZipPushDeploy" date="2025-08-04T22:14:48.851" >
    <step title="ZipDeploy. Extract zip. Remote build." date="2025-08-04T22:14:48.858" /><!-- duration: 10ms -->
    <step title="Starting PushDeployAsync" date="2025-08-04T22:14:48.875" /><!-- duration: 3ms -->
    <step title="Writing artifact to /tmp/zipdeploy/49be4360-5c3c-4618-8dfc-4e8b472e53a6.zip" date="2025-08-04T22:14:48.892" >
      <step title="Writing multipart request body to /tmp/zipdeploy/49be4360-5c3c-4618-8dfc-4e8b472e53a6.zip" date="2025-08-04T22:14:48.902" /><!-- duration: 18ms -->
    </step><!-- duration: 91ms -->
    <step title="Removing previous build artifact&apos;s manifest file" date="2025-08-04T22:14:49.004" >
      <step title="Start deployment in the background" date="2025-08-04T22:14:49.031" >
        <step title="Acquiring Deployment Lock" date="2025-08-04T22:14:49.081" /><!-- duration: 2ms -->
        <step title="Acquired Deployment Lock" date="2025-08-04T22:14:49.122" /><!-- duration: 3ms -->
      </step><!-- duration: 192ms -->
    </step><!-- duration: 229ms -->
    <step title="Outgoing response" date="2025-08-04T22:14:49.236" type="response" statusCode="202" statusText="Accepted" /><!-- duration: 6ms -->
  </step><!-- duration: 394ms -->
