<step title="Incoming Request" date="2025-08-04T17:50:01.342" instance="6db5fe" url="/api/zipdeploy?isAsync=true" method="POST" type="request" pid="774,1,21" Accept="*/*" Host="pharmassist-enterprise.scm.azurewebsites.net" User-Agent="AZURECLI/2.75.0 (MSI)" Accept-Encoding="gzip, deflate" Authorization="Bas..." Cache-Control="no-cache" Content-Type="application/octet-stream" Cookie="ARRAffinity=6db5fe3709d4444b9c04907ca05f920ef31de709c6d20b04e0a56f99d39a3800; ARRAffinitySameSite=6db5fe3709d4444b9c04907ca05f920ef31de709c6d20b04e0a56f99d39a3800" Content-Length="31243" x-ms-client-request-id="6bff17d0-715b-11f0-a067-9c67d682987a" x-ms-artifact-checksum="1070f60eba27dbeaac9eb956e4cf893291a53a7f5995411ee2e5a63eedf4c213" X-ARR-LOG-ID="6bff17d0-715b-11f0-a067-9c67d682987a" CLIENT-IP="167.248.114.72:60782" X-SITE-DEPLOYMENT-ID="pharmassist-enterprise" WAS-DEFAULT-HOSTNAME="pharmassist-enterprise.scm.azurewebsites.net" X-Forwarded-Proto="https" X-AppService-Proto="https" X-Forwarded-TlsVersion="1.3" X-WAWS-Unencoded-URL="/api/zipdeploy?isAsync=true" X-Client-IP="167.248.114.72" X-Client-Port="60782" >
  <step title="ZipPushDeploy" date="2025-08-04T17:50:01.409" >
    <step title="ZipDeploy. Extract zip. Remote build." date="2025-08-04T17:50:01.431" /><!-- duration: 2ms -->
    <step title="Starting PushDeployAsync" date="2025-08-04T17:50:01.452" /><!-- duration: 9ms -->
    <step title="Writing artifact to /tmp/zipdeploy/05cdb38f-34f0-44f2-98cb-de76fe0bbbf3.zip" date="2025-08-04T17:50:01.534" >
      <step title="Writing multipart request body to /tmp/zipdeploy/05cdb38f-34f0-44f2-98cb-de76fe0bbbf3.zip" date="2025-08-04T17:50:01.592" /><!-- duration: 10ms -->
    </step><!-- duration: 282ms -->
    <step title="Removing previous build artifact&apos;s manifest file" date="2025-08-04T17:50:01.832" >
      <step title="Start deployment in the background" date="2025-08-04T17:50:01.845" >
        <step title="Acquiring Deployment Lock" date="2025-08-04T17:50:01.886" /><!-- duration: 8ms -->
        <step title="Acquired Deployment Lock" date="2025-08-04T17:50:02.014" /><!-- duration: 19ms -->
      </step><!-- duration: 410ms -->
    </step><!-- duration: 465ms -->
    <step title="Outgoing response" date="2025-08-04T17:50:02.356" type="response" statusCode="202" statusText="Accepted" /><!-- duration: 9ms -->
  </step><!-- duration: 959ms -->
