<step title="Incoming Request" date="2025-08-04T23:26:46.653" instance="de37e0" url="/api/deployments/latest" method="GET" type="request" pid="768,1,5" Accept="*/*" Host="pharmassist-enterprise.scm.azurewebsites.net" User-Agent="AZURECLI/2.75.0 (MSI)" Accept-Encoding="gzip, deflate" Authorization="Bas..." x-ms-client-request-id="755bd51b-718a-11f0-b2b9-9c67d682987a" X-ARR-LOG-ID="755bd51b-718a-11f0-b2b9-9c67d682987a" CLIENT-IP="167.248.114.72:60920" X-SITE-DEPLOYMENT-ID="pharmassist-enterprise" WAS-DEFAULT-HOSTNAME="pharmassist-enterprise.scm.azurewebsites.net" X-Forwarded-Proto="https" X-AppService-Proto="https" X-Forwarded-TlsVersion="1.3" X-WAWS-Unencoded-URL="/api/deployments/latest" X-Client-IP="167.248.114.72" X-Client-Port="60920" >
  <step title="Cleanup Xml Logs" date="2025-08-04T23:26:46.684" >
    <step title="Cleanup Infos" date="2025-08-04T23:26:46.694" totalFiles="305" totalCleanup="145" /><!-- duration: 2ms -->
  </step><!-- duration: 14ms -->
  <step title="DeploymentService.GetResult" date="2025-08-04T23:26:46.704" >
    <step title="DeploymentService.GetLatestDeployment" date="2025-08-04T23:26:46.706" >
      <step title="DeploymentManager.GetResults" date="2025-08-04T23:26:46.709" /><!-- duration: 429ms -->
    </step><!-- duration: 436ms -->
  </step><!-- duration: 440ms -->
  <step title="Outgoing response" date="2025-08-04T23:26:47.147" type="response" statusCode="202" statusText="Accepted" /><!-- duration: 3ms -->
</step><!-- duration: 499ms -->
