<step title="BackgroundTrace" date="2025-08-04T22:24:55.233" instance="6db5fe" url="/api/zipdeploy" method="POST" >
  <step title="Creating temporary deployment - FetchDeploymentManager" date="2025-08-04T22:24:55.331" /><!-- duration: 3ms -->
  <step title="Creating temporary deployment" date="2025-08-04T22:24:55.341" /><!-- duration: 69ms -->
  <step title="Performing fetch based deployment" date="2025-08-04T22:24:55.454" >
    <step title="Cleaning up temp folders from previous zip deployments and extracting pushed zip file /tmp/zipdeploy/79aa3720-2635-47c5-a43d-b433ea3b8de1.zip (0.05 MB) to /tmp/zipdeploy/extracted" date="2025-08-04T22:24:56.705" >
      <step title="ChmodRecursive Process exited with total time taken in ms: 100" date="2025-08-04T22:24:56.958" /><!-- duration: 19ms -->
    </step><!-- duration: 282ms -->
    <step title="Deployment timer started" date="2025-08-04T22:24:59.105" >
      <step title="DeploymentManager.Deploy(id:4ac9f423-4a3c-4593-b1f4-5ba7bb9090e1)" date="2025-08-04T22:24:59.139" >
        <step title="Collecting changeset information" date="2025-08-04T22:24:59.248" /><!-- duration: 232ms -->
        <step title="Updating submodules" date="2025-08-04T22:24:59.493" /><!-- duration: 1176ms -->
        <step title="Determining deployment builder" date="2025-08-04T22:25:01.925" >
          <step title="Builder is OryxBuilder" date="2025-08-04T22:25:02.335" /><!-- duration: 11ms -->
        </step><!-- duration: 460ms -->
        <step title="PreDeployment: context.CleanOutputPath False" date="2025-08-04T22:25:02.540" >
          <step title="PreDeployment: context.OutputPath /home/site/wwwroot" date="2025-08-04T22:25:02.868" >
            <step title="Building" date="2025-08-04T22:25:03.292" >
              <step title="Executing external process" date="2025-08-04T22:25:04.008" type="process" path="bash" arguments="-c &quot;oryx build /tmp/zipdeploy/extracted -o /home/site/wwwroot --platform python --platform-version 3.11 -p virtualenv_name=antenv --log-file /tmp/build-debug.log  -i /tmp/8ddd3a5c163d512 --compress-destination-dir | tee /tmp/oryx-build.log ; exit $PIPESTATUS &quot;" >
                <step title="Cpu: gzip(2383,18.250s)+sh(2382,0.000s)+tar(2381,0.900s)+build.sh(2261,0.120s)+oryx(2242,6.320s)+tee(2243,0.000s)+bash(2241,0.000s)=total(25.570s)" date="2025-08-04T22:27:52.621" /><!-- duration: 33ms -->
                <step title="bash: no io activity for 61s, prev-cpu=-1.000s, current-cpu=25.570s" date="2025-08-04T22:27:52.680" /><!-- duration: 12ms -->
              </step><!-- duration: 185420ms -->
              <step title="Using PythonDeploymentLogParser" date="2025-08-04T22:28:09.878" /><!-- duration: 22ms -->
              <step title="Triggering recycle (preview mode disabled)." date="2025-08-04T22:28:11.269" /><!-- duration: 14ms -->
              <step title="Modified file to trigger a restart of the app container." date="2025-08-04T22:28:11.323" /><!-- duration: 18ms -->
              <step title="Skip function trigger and logicapp sync because function is not enabled." date="2025-08-04T22:28:11.349" /><!-- duration: 21ms -->
              <step title="Purge deployment items" date="2025-08-04T22:28:12.431" >
                <step title="Remove 740b41eb-, Success, received at 08/04/2025 19:53:16" date="2025-08-04T22:28:12.492" /><!-- duration: 18ms -->
              </step><!-- duration: 82ms -->
            </step><!-- duration: 189333ms -->
          </step><!-- duration: 189761ms -->
          <step title="Cleaning up temp files" date="2025-08-04T22:28:12.632" /><!-- duration: 1147ms -->
          <step title="Cleaning up temp files" date="2025-08-04T22:28:13.807" /><!-- duration: 511ms -->
          <step title="Reloading status file with latest updates" date="2025-08-04T22:28:14.355" >
            <step title="WebHooksManager.PublishEventAsync: PostDeployment" date="2025-08-04T22:28:14.366" /><!-- duration: 73ms -->
          </step><!-- duration: 93ms -->
          <step title="Cleaning up temporary deployment - fetch deployment was successful" date="2025-08-04T22:28:14.460" /><!-- duration: 8ms -->
        </step><!-- duration: 191973ms -->
      </step><!-- duration: 195392ms -->
