<step title="Incoming Request" date="2025-08-04T22:24:55.011" instance="6db5fe" url="/api/zipdeploy?isAsync=true" method="POST" type="request" pid="780,1,16" Accept="*/*" Host="pharmassist-enterprise.scm.azurewebsites.net" User-Agent="AZURECLI/2.75.0 (MSI)" Accept-Encoding="gzip, deflate" Authorization="Bas..." Cache-Control="no-cache" Content-Type="application/octet-stream" Cookie="ARRAffinity=6db5fe3709d4444b9c04907ca05f920ef31de709c6d20b04e0a56f99d39a3800; ARRAffinitySameSite=6db5fe3709d4444b9c04907ca05f920ef31de709c6d20b04e0a56f99d39a3800" Content-Length="54602" x-ms-client-request-id="d42b3b3c-7181-11f0-9aa5-9c67d682987a" x-ms-artifact-checksum="b220b300ffbf0c1963e92199bb3233a8a2b4dfb45714df556174f35e3a18a144" X-ARR-LOG-ID="d42b3b3c-7181-11f0-9aa5-9c67d682987a" CLIENT-IP="167.248.114.72:54896" X-SITE-DEPLOYMENT-ID="pharmassist-enterprise" WAS-DEFAULT-HOSTNAME="pharmassist-enterprise.scm.azurewebsites.net" X-Forwarded-Proto="https" X-AppService-Proto="https" X-Forwarded-TlsVersion="1.3" X-WAWS-Unencoded-URL="/api/zipdeploy?isAsync=true" X-Client-IP="167.248.114.72" X-Client-Port="54896" >
  <step title="ZipPushDeploy" date="2025-08-04T22:24:55.038" >
    <step title="ZipDeploy. Extract zip. Remote build." date="2025-08-04T22:24:55.051" /><!-- duration: 2ms -->
    <step title="Starting PushDeployAsync" date="2025-08-04T22:24:55.058" /><!-- duration: 2ms -->
    <step title="Writing artifact to /tmp/zipdeploy/79aa3720-2635-47c5-a43d-b433ea3b8de1.zip" date="2025-08-04T22:24:55.083" >
      <step title="Writing multipart request body to /tmp/zipdeploy/79aa3720-2635-47c5-a43d-b433ea3b8de1.zip" date="2025-08-04T22:24:55.086" /><!-- duration: 6ms -->
    </step><!-- duration: 109ms -->
    <step title="Removing previous build artifact&apos;s manifest file" date="2025-08-04T22:24:55.210" >
      <step title="Start deployment in the background" date="2025-08-04T22:24:55.221" >
        <step title="Acquiring Deployment Lock" date="2025-08-04T22:24:55.270" /><!-- duration: 3ms -->
        <step title="Acquired Deployment Lock" date="2025-08-04T22:24:55.320" /><!-- duration: 4ms -->
      </step><!-- duration: 192ms -->
    </step><!-- duration: 208ms -->
    <step title="Outgoing response" date="2025-08-04T22:24:55.423" type="response" statusCode="202" statusText="Accepted" /><!-- duration: 9ms -->
  </step><!-- duration: 397ms -->
