<step title="Incoming Request" date="2025-08-04T22:49:36.251" instance="6db5fe" url="/api/zipdeploy?isAsync=true" method="POST" type="request" pid="772,1,15" Accept="*/*" Host="pharmassist-enterprise.scm.azurewebsites.net" User-Agent="AZURECLI/2.75.0 (MSI)" Accept-Encoding="gzip, deflate" Authorization="Bas..." Cache-Control="no-cache" Content-Type="application/octet-stream" Cookie="ARRAffinity=6db5fe3709d4444b9c04907ca05f920ef31de709c6d20b04e0a56f99d39a3800; ARRAffinitySameSite=6db5fe3709d4444b9c04907ca05f920ef31de709c6d20b04e0a56f99d39a3800" Content-Length="2310" x-ms-client-request-id="46161eed-7185-11f0-8712-9c67d682987a" x-ms-artifact-checksum="36b03f78d0a3f0bfd05a420b5004d6ef4b88359b87c3cea518e4426d44a8801d" X-ARR-LOG-ID="46161eed-7185-11f0-8712-9c67d682987a" CLIENT-IP="167.248.114.72:55996" X-SITE-DEPLOYMENT-ID="pharmassist-enterprise" WAS-DEFAULT-HOSTNAME="pharmassist-enterprise.scm.azurewebsites.net" X-Forwarded-Proto="https" X-AppService-Proto="https" X-Forwarded-TlsVersion="1.3" X-WAWS-Unencoded-URL="/api/zipdeploy?isAsync=true" X-Client-IP="167.248.114.72" X-Client-Port="55996" >
  <step title="ZipPushDeploy" date="2025-08-04T22:49:36.541" >
    <step title="ZipDeploy. Extract zip. Remote build." date="2025-08-04T22:49:36.584" /><!-- duration: 11ms -->
    <step title="None repository commit" date="2025-08-04T22:49:36.662" >
      <step title="Commit id: 9d73ca4b-dda8-462d-864e-b367b8fe69f3" date="2025-08-04T22:49:36.684" Message="N/A" AuthorName="N/A" AuthorEmail="N/A" /><!-- duration: 11ms -->
    </step><!-- duration: 51ms -->
    <step title="Starting PushDeployAsync" date="2025-08-04T22:49:36.752" /><!-- duration: 5ms -->
    <step title="Writing artifact to /tmp/zipdeploy/f4f421f8-30d6-4fe2-9250-8fd5667a4298.zip" date="2025-08-04T22:49:36.863" >
      <step title="Writing multipart request body to /tmp/zipdeploy/f4f421f8-30d6-4fe2-9250-8fd5667a4298.zip" date="2025-08-04T22:49:36.884" /><!-- duration: 20ms -->
    </step><!-- duration: 133ms -->
    <step title="Removing previous build artifact&apos;s manifest file" date="2025-08-04T22:49:37.045" >
      <step title="Start deployment in the background" date="2025-08-04T22:49:37.104" >
        <step title="Acquiring Deployment Lock" date="2025-08-04T22:49:37.176" /><!-- duration: 18ms -->
        <step title="Acquired Deployment Lock" date="2025-08-04T22:49:37.428" /><!-- duration: 28ms -->
      </step><!-- duration: 673ms -->
    </step><!-- duration: 783ms -->
    <step title="Outgoing response" date="2025-08-04T22:49:37.868" type="response" statusCode="202" statusText="Accepted" /><!-- duration: 9ms -->
  </step><!-- duration: 1340ms -->
