<step title="Incoming Request" date="2025-08-04T22:57:42.287" instance="6db5fe" url="/api/deployments/latest" method="GET" type="request" pid="776,1,21" Accept="*/*" Host="pharmassist-enterprise.scm.azurewebsites.net" User-Agent="AZURECLI/2.75.0 (MSI)" Accept-Encoding="gzip, deflate" Authorization="Bas..." x-ms-client-request-id="64796a29-7186-11f0-9bfa-9c67d682987a" X-ARR-LOG-ID="64796a29-7186-11f0-9bfa-9c67d682987a" CLIENT-IP="167.248.114.72:56345" X-SITE-DEPLOYMENT-ID="pharmassist-enterprise" WAS-DEFAULT-HOSTNAME="pharmassist-enterprise.scm.azurewebsites.net" X-Forwarded-Proto="https" X-AppService-Proto="https" X-Forwarded-TlsVersion="1.3" X-WAWS-Unencoded-URL="/api/deployments/latest" X-Client-IP="167.248.114.72" X-Client-Port="56345" >
  <step title="Cleanup Xml Logs" date="2025-08-04T22:57:42.291" >
    <step title="Cleanup Infos" date="2025-08-04T22:57:42.307" totalFiles="271" totalCleanup="111" /><!-- duration: 5ms -->
  </step><!-- duration: 25ms -->
  <step title="DeploymentService.GetResult" date="2025-08-04T22:57:42.388" >
    <step title="DeploymentService.GetLatestDeployment" date="2025-08-04T22:57:42.395" >
      <step title="DeploymentManager.GetResults" date="2025-08-04T22:57:42.400" /><!-- duration: 531ms -->
    </step><!-- duration: 553ms -->
  </step><!-- duration: 563ms -->
  <step title="Outgoing response" date="2025-08-04T22:57:42.968" type="response" statusCode="202" statusText="Accepted" /><!-- duration: 19ms -->
</step><!-- duration: 717ms -->
