<step title="Incoming Request" date="2025-08-04T21:52:48.218" instance="6db5fe" url="/api/zipdeploy?isAsync=true" method="POST" type="request" pid="780,1,15" Accept="*/*" Host="pharmassist-enterprise.scm.azurewebsites.net" User-Agent="AZURECLI/2.75.0 (MSI)" Accept-Encoding="gzip, deflate" Authorization="Bas..." Cache-Control="no-cache" Content-Type="application/octet-stream" Cookie="ARRAffinity=6db5fe3709d4444b9c04907ca05f920ef31de709c6d20b04e0a56f99d39a3800; ARRAffinitySameSite=6db5fe3709d4444b9c04907ca05f920ef31de709c6d20b04e0a56f99d39a3800" Content-Length="3963" x-ms-client-request-id="5586c3f7-717d-11f0-bd39-9c67d682987a" x-ms-artifact-checksum="da044aed7dd398ec29f48395a6aea5e9ea758d0d89a1ad29726385b624fa988b" X-ARR-LOG-ID="5586c3f7-717d-11f0-bd39-9c67d682987a" CLIENT-IP="167.248.114.72:53362" X-SITE-DEPLOYMENT-ID="pharmassist-enterprise" WAS-DEFAULT-HOSTNAME="pharmassist-enterprise.scm.azurewebsites.net" X-Forwarded-Proto="https" X-AppService-Proto="https" X-Forwarded-TlsVersion="1.3" X-WAWS-Unencoded-URL="/api/zipdeploy?isAsync=true" X-Client-IP="167.248.114.72" X-Client-Port="53362" >
  <step title="Cleanup Xml Logs" date="2025-08-04T21:52:48.300" /><!-- duration: 192ms -->
  <step title="ZipPushDeploy" date="2025-08-04T21:52:48.922" >
    <step title="ZipDeploy. Extract zip. Remote build." date="2025-08-04T21:52:49.177" /><!-- duration: 129ms -->
    <step title="Starting PushDeployAsync" date="2025-08-04T21:52:49.437" /><!-- duration: 31ms -->
    <step title="Writing artifact to /tmp/zipdeploy/ff5657f5-58b7-49c1-b22a-0e7e0f5058ac.zip" date="2025-08-04T21:52:49.689" >
      <step title="Writing multipart request body to /tmp/zipdeploy/ff5657f5-58b7-49c1-b22a-0e7e0f5058ac.zip" date="2025-08-04T21:52:49.779" /><!-- duration: 10ms -->
    </step><!-- duration: 420ms -->
    <step title="Removing previous build artifact&apos;s manifest file" date="2025-08-04T21:52:50.199" >
      <step title="Start deployment in the background" date="2025-08-04T21:52:50.562" >
        <step title="Acquiring Deployment Lock" date="2025-08-04T21:52:50.753" /><!-- duration: 60ms -->
        <step title="Acquired Deployment Lock" date="2025-08-04T21:52:51.067" /><!-- duration: 28ms -->
      </step><!-- duration: 1269ms -->
    </step><!-- duration: 1703ms -->
    <step title="Outgoing response" date="2025-08-04T21:52:51.943" type="response" statusCode="202" statusText="Accepted" /><!-- duration: 89ms -->
  </step><!-- duration: 3159ms -->
