<step title="BackgroundTrace" date="2025-08-03T20:53:57.990" instance="e2467e" url="/api/zipdeploy" method="POST" >
  <step title="Creating temporary deployment - FetchDeploymentManager" date="2025-08-03T20:53:58.075" /><!-- duration: 3ms -->
  <step title="Creating temporary deployment" date="2025-08-03T20:53:58.092" /><!-- duration: 65ms -->
  <step title="Performing fetch based deployment" date="2025-08-03T20:53:58.188" >
    <step title="Cleaning up temp folders from previous zip deployments and extracting pushed zip file /tmp/zipdeploy/c2708c69-aac9-4536-9226-f08a1fe32c76.zip (5.72 MB) to /tmp/zipdeploy/extracted" date="2025-08-03T20:53:59.332" >
      <step title="ChmodRecursive Process exited with total time taken in ms: 172" date="2025-08-03T20:54:00.330" /><!-- duration: 10ms -->
    </step><!-- duration: 1037ms -->
    <step title="Deployment timer started" date="2025-08-03T20:54:02.433" >
      <step title="DeploymentManager.Deploy(id:2811b21d-1835-40e9-95f6-f74f1121b49b)" date="2025-08-03T20:54:02.507" >
        <step title="Collecting changeset information" date="2025-08-03T20:54:02.644" /><!-- duration: 322ms -->
        <step title="Updating submodules" date="2025-08-03T20:54:02.996" /><!-- duration: 1252ms -->
        <step title="Determining deployment builder" date="2025-08-03T20:54:04.466" >
          <step title="Builder is OryxBuilder" date="2025-08-03T20:54:04.491" /><!-- duration: 18ms -->
        </step><!-- duration: 71ms -->
        <step title="PreDeployment: context.CleanOutputPath False" date="2025-08-03T20:54:04.892" >
          <step title="PreDeployment: context.OutputPath /home/site/wwwroot" date="2025-08-03T20:54:04.997" >
            <step title="Building" date="2025-08-03T20:54:05.129" >
              <step title="Executing external process" date="2025-08-03T20:54:05.618" type="process" path="bash" arguments="-c &quot;oryx build /tmp/zipdeploy/extracted -o /home/site/wwwroot --platform python --platform-version 3.11 -p virtualenv_name=antenv --log-file /tmp/build-debug.log  -i /tmp/8ddd2cfe1d71149 --compress-destination-dir | tee /tmp/oryx-build.log ; exit $PIPESTATUS &quot;" /><!-- duration: 119095ms -->
              <step title="Using PythonDeploymentLogParser" date="2025-08-03T20:56:05.256" /><!-- duration: 3ms -->
              <step title="Triggering recycle (preview mode disabled)." date="2025-08-03T20:56:06.301" /><!-- duration: 14ms -->
              <step title="Modified file to trigger a restart of the app container." date="2025-08-03T20:56:06.355" /><!-- duration: 5ms -->
              <step title="Skip function trigger and logicapp sync because function is not enabled." date="2025-08-03T20:56:06.364" /><!-- duration: 5ms -->
            </step><!-- duration: 121918ms -->
          </step><!-- duration: 122055ms -->
          <step title="Cleaning up temp files" date="2025-08-03T20:56:07.056" /><!-- duration: 783ms -->
          <step title="Cleaning up temp files" date="2025-08-03T20:56:07.851" /><!-- duration: 513ms -->
          <step title="Reloading status file with latest updates" date="2025-08-03T20:56:08.442" >
            <step title="WebHooksManager.PublishEventAsync: PostDeployment" date="2025-08-03T20:56:08.462" /><!-- duration: 76ms -->
          </step><!-- duration: 107ms -->
          <step title="Cleaning up temporary deployment - fetch deployment was successful" date="2025-08-03T20:56:08.567" /><!-- duration: 7ms -->
        </step><!-- duration: 123764ms -->
      </step><!-- duration: 126296ms -->
