<step title="Incoming Request" date="2025-08-03T21:51:10.930" instance="e2467e" url="/api/publish?type=zip&amp;clean=True" method="POST" type="request" pid="772,1,21" Accept="*/*" Host="white-label-chat-km-cxhkhjd0aecsf9ah.scm.centralus-01.azurewebsites.net" User-Agent="AZURECLI/2.75.0 (MSI)" Accept-Encoding="gzip, deflate" Authorization="Bas..." Cache-Control="no-cache" Content-Type="application/octet-stream" Cookie="ARRAffinity=e2467e47d35990645d1677416288076d773dc49712609e83213855e07b4fc62f; ARRAffinitySameSite=e2467e47d35990645d1677416288076d773dc49712609e83213855e07b4fc62f" Content-Length="6011824" x-ms-client-request-id="f1defb2d-70b3-11f0-8622-9c67d682987a" x-ms-artifact-checksum="c610028b6fb6cb1b72a36f458e9fabcafe8f22be9eb4f562f053d9360feeb238" X-ARR-LOG-ID="f1defb2d-70b3-11f0-8622-9c67d682987a" CLIENT-IP="167.248.114.72:57934" X-SITE-DEPLOYMENT-ID="white-label-chat-km" WAS-DEFAULT-HOSTNAME="white-label-chat-km-cxhkhjd0aecsf9ah.scm.centralus-01.azurewebsites.net" X-Forwarded-Proto="https" X-AppService-Proto="https" X-Forwarded-TlsVersion="1.3" X-WAWS-Unencoded-URL="/api/publish?type=zip&amp;clean=True" X-Client-IP="167.248.114.72" X-Client-Port="57934" >
  <step title="OneDeploy" date="2025-08-03T21:51:10.988" >
    <step title="Starting PushDeployAsync" date="2025-08-03T21:51:11.008" /><!-- duration: 8ms -->
    <step title="Writing artifact to /tmp/zipdeploy/0d54217b-0b30-4aa8-b7d5-4983ad58e3fe.zip" date="2025-08-03T21:51:11.038" >
      <step title="Writing multipart request body to /tmp/zipdeploy/0d54217b-0b30-4aa8-b7d5-4983ad58e3fe.zip" date="2025-08-03T21:51:11.041" /><!-- duration: 8ms -->
    </step><!-- duration: 313ms -->
    <step title="Removing previous build artifact&apos;s manifest file" date="2025-08-03T21:51:11.382" >
      <step title="Attempting to fetch target branch HEAD" date="2025-08-03T21:51:11.412" /><!-- duration: 3ms -->
      <step title="Acquiring Deployment Lock" date="2025-08-03T21:51:11.427" /><!-- duration: 3ms -->
      <step title="Acquired Deployment Lock" date="2025-08-03T21:51:11.474" /><!-- duration: 5ms -->
      <step title="Performing fetch based deployment" date="2025-08-03T21:51:11.492" >
        <step title="Creating temporary deployment" date="2025-08-03T21:51:11.507" /><!-- duration: 58ms -->
        <step title="Releasing Deployment Lock" date="2025-08-03T21:51:12.751" /><!-- duration: 7ms -->
        <step title="Cleaning up temp folders from previous zip deployments and extracting pushed zip file /tmp/zipdeploy/0d54217b-0b30-4aa8-b7d5-4983ad58e3fe.zip (5.73 MB) to /tmp/zipdeploy/extracted" date="2025-08-03T21:51:12.812" >
          <step title="ChmodRecursive Process exited with total time taken in ms: 128" date="2025-08-03T21:51:13.735" /><!-- duration: 16ms -->
        </step><!-- duration: 943ms -->
        <step title="None repository commit" date="2025-08-03T21:51:13.763" >
          <step title="Commit id: 7e9bb4e2-af7b-4ce1-a70b-bf6802e89504" date="2025-08-03T21:51:13.772" Message="OneDeploy" AuthorName="N/A" AuthorEmail="N/A" /><!-- duration: 3ms -->
        </step><!-- duration: 23ms -->
        <step title="Deployment timer started" date="2025-08-03T21:51:15.797" >
          <step title="DeploymentManager.Deploy(id:7e9bb4e2-af7b-4ce1-a70b-bf6802e89504)" date="2025-08-03T21:51:15.825" >
            <step title="Collecting changeset information" date="2025-08-03T21:51:15.884" /><!-- duration: 133ms -->
            <step title="Updating submodules" date="2025-08-03T21:51:16.027" /><!-- duration: 1142ms -->
            <step title="Determining deployment builder" date="2025-08-03T21:51:17.402" >
              <step title="Builder is OryxBuilder" date="2025-08-03T21:51:17.423" /><!-- duration: 4ms -->
            </step><!-- duration: 31ms -->
            <step title="PreDeployment: context.CleanOutputPath False" date="2025-08-03T21:51:17.512" >
              <step title="PreDeployment: context.OutputPath /home/site/wwwroot" date="2025-08-03T21:51:17.639" >
                <step title="Building" date="2025-08-03T21:51:17.794" >
                  <step title="Executing external process" date="2025-08-03T21:51:18.229" type="process" path="bash" arguments="-c &quot;oryx build /tmp/zipdeploy/extracted -o /home/site/wwwroot --platform python --platform-version 3.11 -p virtualenv_name=antenv --log-file /tmp/build-debug.log  -i /tmp/8ddd2d7e0015ec8 --compress-destination-dir | tee /tmp/oryx-build.log ; exit $PIPESTATUS &quot;" >
                    <step title="Cpu: python(1360,27.040s)+ts(1361,0.090s)+build.sh(1359,0.000s)+build.sh(1358,0.000s)+build.sh(1278,0.030s)+oryx(1259,3.380s)+tee(1260,0.000s)+bash(1258,0.000s)=total(30.540s)" date="2025-08-03T21:52:41.844" /><!-- duration: 12ms -->
                    <step title="bash: no io activity for 61s, prev-cpu=-1.000s, current-cpu=30.540s" date="2025-08-03T21:52:41.887" /><!-- duration: 15ms -->
                  </step><!-- duration: 135428ms -->
                  <step title="Using PythonDeploymentLogParser" date="2025-08-03T21:53:34.054" /><!-- duration: 4ms -->
                  <step title="Modified file to trigger a restart of the app container." date="2025-08-03T21:53:35.245" /><!-- duration: 16ms -->
                  <step title="Skip function trigger and logicapp sync because function is not enabled." date="2025-08-03T21:53:35.283" /><!-- duration: 6ms -->
                </step><!-- duration: 138469ms -->
              </step><!-- duration: 138629ms -->
              <step title="Cleaning up temp files" date="2025-08-03T21:53:36.272" /><!-- duration: 714ms -->
              <step title="Cleaning up temp files" date="2025-08-03T21:53:36.995" /><!-- duration: 526ms -->
              <step title="Reloading status file with latest updates" date="2025-08-03T21:53:37.542" >
                <step title="WebHooksManager.PublishEventAsync: PostDeployment" date="2025-08-03T21:53:37.557" /><!-- duration: 45ms -->
              </step><!-- duration: 65ms -->
              <step title="Cleaning up temporary deployment - fetch deployment was successful" date="2025-08-03T21:53:37.617" /><!-- duration: 3ms -->
            </step><!-- duration: 140159ms -->
          </step><!-- duration: 141857ms -->
          <step title="Outgoing response" date="2025-08-03T21:53:37.740" type="response" statusCode="200" statusText="OK" /><!-- duration: 4ms -->
        </step><!-- duration: 141955ms -->
