﻿<?xml version="1.0" encoding="utf-8"?>
<deployment>
  <id>3c3fa7ff-b1ed-4d43-a439-2343fa255231</id>
  <author>N/A</author>
  <deployer>Push-Deployer</deployer>
  <authorEmail>N/A</authorEmail>
  <message>Created via a push deployment</message>
  <progress></progress>
  <status>Success</status>
  <statusText></statusText>
  <lastSuccessEndTime>2025-08-04T23:07:17.0569981Z</lastSuccessEndTime>
  <receivedTime>2025-08-04T23:06:44.4743916Z</receivedTime>
  <startTime>2025-08-04T23:06:45.7291001Z</startTime>
  <endTime>2025-08-04T23:07:17.0569981Z</endTime>
  <complete>True</complete>
  <is_temp>False</is_temp>
  <is_readonly>True</is_readonly>
  <buildSummary />
</deployment>