﻿<?xml version="1.0" encoding="utf-8"?>
<deployment>
  <id>c36a6adf-677d-4a33-bae0-71806db508f1</id>
  <author>N/A</author>
  <deployer>OneDeploy</deployer>
  <authorEmail>N/A</authorEmail>
  <message>OneDeploy</message>
  <progress></progress>
  <status>Success</status>
  <statusText></statusText>
  <lastSuccessEndTime>2025-08-03T21:28:04.933524Z</lastSuccessEndTime>
  <receivedTime>2025-08-03T21:25:50.8883974Z</receivedTime>
  <startTime>2025-08-03T21:25:52.5498679Z</startTime>
  <endTime>2025-08-03T21:28:04.933524Z</endTime>
  <complete>True</complete>
  <is_temp>False</is_temp>
  <is_readonly>True</is_readonly>
  <buildSummary />
</deployment>