﻿<?xml version="1.0" encoding="utf-8"?>
<deployment>
  <id>4ac9f423-4a3c-4593-b1f4-5ba7bb9090e1</id>
  <author>N/A</author>
  <deployer>Push-Deployer</deployer>
  <authorEmail>N/A</authorEmail>
  <message>Created via a push deployment</message>
  <progress></progress>
  <status>Success</status>
  <statusText></statusText>
  <lastSuccessEndTime>2025-08-04T22:28:11.8192691Z</lastSuccessEndTime>
  <receivedTime>2025-08-04T22:24:59.3778053Z</receivedTime>
  <startTime>2025-08-04T22:25:01.7953209Z</startTime>
  <endTime>2025-08-04T22:28:11.8192691Z</endTime>
  <complete>True</complete>
  <is_temp>False</is_temp>
  <is_readonly>True</is_readonly>
  <buildSummary />
</deployment>