<step title="BackgroundTrace" date="2025-08-04T21:56:41.809" instance="6db5fe" url="/api/zipdeploy" method="POST" >
  <step title="Creating temporary deployment - FetchDeploymentManager" date="2025-08-04T21:56:41.916" /><!-- duration: 3ms -->
  <step title="Creating temporary deployment" date="2025-08-04T21:56:41.929" /><!-- duration: 152ms -->
  <step title="Performing fetch based deployment" date="2025-08-04T21:56:42.114" >
    <step title="Cleaning up temp folders from previous zip deployments and extracting pushed zip file /tmp/zipdeploy/a8292b69-0960-465e-baeb-2ac2151e1fda.zip (0.05 MB) to /tmp/zipdeploy/extracted" date="2025-08-04T21:56:43.272" >
      <step title="ChmodRecursive Process exited with total time taken in ms: 113" date="2025-08-04T21:56:43.554" /><!-- duration: 11ms -->
    </step><!-- duration: 329ms -->
    <step title="Deployment timer started" date="2025-08-04T21:56:45.624" >
      <step title="DeploymentManager.Deploy(id:e3904279-1384-472f-a0b5-410c9b649cbf)" date="2025-08-04T21:56:45.643" >
        <step title="Collecting changeset information" date="2025-08-04T21:56:45.687" /><!-- duration: 136ms -->
        <step title="Updating submodules" date="2025-08-04T21:56:45.830" /><!-- duration: 1145ms -->
        <step title="Determining deployment builder" date="2025-08-04T21:56:47.267" >
          <step title="Builder is OryxBuilder" date="2025-08-04T21:56:47.304" /><!-- duration: 11ms -->
        </step><!-- duration: 58ms -->
        <step title="PreDeployment: context.CleanOutputPath False" date="2025-08-04T21:56:47.379" >
          <step title="PreDeployment: context.OutputPath /home/site/wwwroot" date="2025-08-04T21:56:47.529" >
            <step title="Building" date="2025-08-04T21:56:47.702" >
              <step title="Executing external process" date="2025-08-04T21:56:48.645" type="process" path="bash" arguments="-c &quot;oryx build /tmp/zipdeploy/extracted -o /home/site/wwwroot --platform python --platform-version 3.11 -p virtualenv_name=antenv --log-file /tmp/build-debug.log  -i /tmp/8ddd3a1cf0c2add --compress-destination-dir | tee /tmp/oryx-build.log ; exit $PIPESTATUS &quot;" >
                <step title="Cpu: python3.11(1384,14.180s)+python3.11(1383,0.270s)+python3.11(1382,0.270s)+build.sh(1312,0.050s)+oryx(1292,6.140s)+tee(1293,0.000s)+bash(1291,0.010s)=total(20.900s)" date="2025-08-04T21:57:58.828" /><!-- duration: 51ms -->
                <step title="bash: no io activity for 60s, prev-cpu=-1.000s, current-cpu=20.900s" date="2025-08-04T21:57:58.989" /><!-- duration: 62ms -->
              </step><!-- duration: 214093ms -->
              <step title="Using PythonDeploymentLogParser" date="2025-08-04T22:00:23.318" /><!-- duration: 10ms -->
              <step title="Triggering recycle (preview mode disabled)." date="2025-08-04T22:00:25.001" /><!-- duration: 70ms -->
              <step title="Modified file to trigger a restart of the app container." date="2025-08-04T22:00:25.203" /><!-- duration: 31ms -->
              <step title="Skip function trigger and logicapp sync because function is not enabled." date="2025-08-04T22:00:25.273" /><!-- duration: 70ms -->
              <step title="Purge deployment items" date="2025-08-04T22:00:27.206" >
                <step title="Remove 544c9118-, Success, received at 08/04/2025 19:03:49" date="2025-08-04T22:00:27.346" /><!-- duration: 9ms -->
              </step><!-- duration: 159ms -->
            </step><!-- duration: 219765ms -->
          </step><!-- duration: 219947ms -->
          <step title="Cleaning up temp files" date="2025-08-04T22:00:27.485" /><!-- duration: 3380ms -->
          <step title="Cleaning up temp files" date="2025-08-04T22:00:30.879" /><!-- duration: 516ms -->
          <step title="Reloading status file with latest updates" date="2025-08-04T22:00:31.496" >
            <step title="WebHooksManager.PublishEventAsync: PostDeployment" date="2025-08-04T22:00:31.543" /><!-- duration: 314ms -->
          </step><!-- duration: 381ms -->
          <step title="Cleaning up temporary deployment - fetch deployment was successful" date="2025-08-04T22:00:31.955" /><!-- duration: 11ms -->
        </step><!-- duration: 224749ms -->
      </step><!-- duration: 226707ms -->
