<step title="Incoming Request" date="2025-08-04T18:06:30.344" instance="6db5fe" url="/api/publish?type=zip" method="POST" type="request" pid="774,1,22" Accept="*/*" Host="pharmassist-enterprise.scm.azurewebsites.net" User-Agent="AZURECLI/2.75.0 (MSI)" Accept-Encoding="gzip, deflate" Authorization="Bas..." Cache-Control="no-cache" Content-Type="application/octet-stream" Cookie="ARRAffinity=6db5fe3709d4444b9c04907ca05f920ef31de709c6d20b04e0a56f99d39a3800; ARRAffinitySameSite=6db5fe3709d4444b9c04907ca05f920ef31de709c6d20b04e0a56f99d39a3800" Content-Length="21263" x-ms-client-request-id="b96384b1-715d-11f0-8276-9c67d682987a" x-ms-artifact-checksum="ae11b041a0b1a03307411b1ef2a97d0166a7ac8e68a98750bab11112d2f42f9b" X-ARR-LOG-ID="b96384b1-715d-11f0-8276-9c67d682987a" CLIENT-IP="167.248.114.72:61806" X-SITE-DEPLOYMENT-ID="pharmassist-enterprise" WAS-DEFAULT-HOSTNAME="pharmassist-enterprise.scm.azurewebsites.net" X-Forwarded-Proto="https" X-AppService-Proto="https" X-Forwarded-TlsVersion="1.3" X-WAWS-Unencoded-URL="/api/publish?type=zip" X-Client-IP="167.248.114.72" X-Client-Port="61806" >
  <step title="OneDeploy" date="2025-08-04T18:06:30.444" >
    <step title="Starting PushDeployAsync" date="2025-08-04T18:06:30.503" /><!-- duration: 9ms -->
    <step title="Writing artifact to /tmp/zipdeploy/b951ee1b-ad6f-493c-b3ad-836894b99784.zip" date="2025-08-04T18:06:30.553" >
      <step title="Writing multipart request body to /tmp/zipdeploy/b951ee1b-ad6f-493c-b3ad-836894b99784.zip" date="2025-08-04T18:06:30.572" /><!-- duration: 2ms -->
    </step><!-- duration: 272ms -->
    <step title="Removing previous build artifact&apos;s manifest file" date="2025-08-04T18:06:30.844" >
      <step title="Attempting to fetch target branch HEAD" date="2025-08-04T18:06:30.964" /><!-- duration: 3ms -->
      <step title="Acquiring Deployment Lock" date="2025-08-04T18:06:30.985" /><!-- duration: 31ms -->
      <step title="Acquired Deployment Lock" date="2025-08-04T18:06:31.196" /><!-- duration: 30ms -->
      <step title="Performing fetch based deployment" date="2025-08-04T18:06:31.255" >
        <step title="Creating temporary deployment" date="2025-08-04T18:06:31.265" /><!-- duration: 193ms -->
        <step title="Releasing Deployment Lock" date="2025-08-04T18:06:33.149" /><!-- duration: 58ms -->
        <step title="Cleaning up temp folders from previous zip deployments and extracting pushed zip file /tmp/zipdeploy/b951ee1b-ad6f-493c-b3ad-836894b99784.zip (0.02 MB) to /tmp/zipdeploy/extracted" date="2025-08-04T18:06:33.319" >
          <step title="ChmodRecursive Process exited with total time taken in ms: 208" date="2025-08-04T18:06:33.641" /><!-- duration: 41ms -->
        </step><!-- duration: 384ms -->
        <step title="None repository commit" date="2025-08-04T18:06:33.723" >
          <step title="Commit id: d8e551ce-4c50-4b32-ae1a-a9ac8a999df4" date="2025-08-04T18:06:33.733" Message="OneDeploy" AuthorName="N/A" AuthorEmail="N/A" /><!-- duration: 31ms -->
        </step><!-- duration: 60ms -->
        <step title="Deployment timer started" date="2025-08-04T18:06:35.799" >
          <step title="DeploymentManager.Deploy(id:d8e551ce-4c50-4b32-ae1a-a9ac8a999df4)" date="2025-08-04T18:06:35.831" >
            <step title="Collecting changeset information" date="2025-08-04T18:06:35.870" /><!-- duration: 126ms -->
            <step title="Updating submodules" date="2025-08-04T18:06:36.008" /><!-- duration: 1212ms -->
            <step title="Determining deployment builder" date="2025-08-04T18:06:37.498" >
              <step title="Builder is OryxBuilder" date="2025-08-04T18:06:37.558" /><!-- duration: 9ms -->
            </step><!-- duration: 79ms -->
            <step title="PreDeployment: context.CleanOutputPath False" date="2025-08-04T18:06:37.651" >
              <step title="PreDeployment: context.OutputPath /home/site/wwwroot" date="2025-08-04T18:06:37.795" >
                <step title="Building" date="2025-08-04T18:06:37.946" >
                  <step title="Executing external process" date="2025-08-04T18:06:38.374" type="process" path="bash" arguments="-c &quot;oryx build /tmp/zipdeploy/extracted -o /home/site/wwwroot --platform python --platform-version 3.11 -p virtualenv_name=antenv --log-file /tmp/build-debug.log  -i /tmp/8ddd381a7cbd015 --compress-destination-dir | tee /tmp/oryx-build.log ; exit $PIPESTATUS &quot;" >
                    <step title="Cpu: python3.11(1900,16.950s)+python3.11(1899,0.370s)+python3.11(1898,0.350s)+build.sh(1828,0.090s)+oryx(1807,6.580s)+tee(1808,0.010s)+bash(1806,0.000s)=total(24.340s)" date="2025-08-04T18:07:50.027" /><!-- duration: 91ms -->
                    <step title="bash: no io activity for 60s, prev-cpu=-1.000s, current-cpu=24.340s" date="2025-08-04T18:07:50.205" /><!-- duration: 72ms -->
                  </step><!-- duration: 111612ms -->
                  <step title="Using PythonDeploymentLogParser" date="2025-08-04T18:08:30.464" /><!-- duration: 18ms -->
                  <step title="Modified file to trigger a restart of the app container." date="2025-08-04T18:08:32.261" /><!-- duration: 30ms -->
                  <step title="Skip function trigger and logicapp sync because function is not enabled." date="2025-08-04T18:08:32.301" /><!-- duration: 20ms -->
                </step><!-- duration: 115250ms -->
              </step><!-- duration: 115405ms -->
              <step title="Cleaning up temp files" date="2025-08-04T18:08:33.202" /><!-- duration: 397ms -->
              <step title="Cleaning up temp files" date="2025-08-04T18:08:33.618" /><!-- duration: 514ms -->
              <step title="Reloading status file with latest updates" date="2025-08-04T18:08:34.190" >
                <step title="WebHooksManager.PublishEventAsync: PostDeployment" date="2025-08-04T18:08:34.199" /><!-- duration: 44ms -->
              </step><!-- duration: 62ms -->
              <step title="Cleaning up temporary deployment - fetch deployment was successful" date="2025-08-04T18:08:34.271" /><!-- duration: 9ms -->
            </step><!-- duration: 116710ms -->
          </step><!-- duration: 118546ms -->
          <step title="Outgoing response" date="2025-08-04T18:08:34.385" type="response" statusCode="200" statusText="OK" /><!-- duration: 4ms -->
        </step><!-- duration: 118593ms -->
