<step title="Incoming Request" date="2025-08-04T19:35:33.162" instance="6db5fe" url="/api/publish?type=zip&amp;restart=True" method="POST" type="request" pid="782,1,44" Accept="*/*" Host="pharmassist-enterprise.scm.azurewebsites.net" User-Agent="AZURECLI/2.75.0 (MSI)" Accept-Encoding="gzip, deflate" Authorization="Bas..." Cache-Control="no-cache" Content-Type="application/octet-stream" Content-Length="42595" x-ms-client-request-id="f7f36c77-7168-11f0-aee6-9c67d682987a" x-ms-artifact-checksum="6a13abc439c2930274113b8118898d86b8ecf890a096ba4ece08b612931eedeb" X-ARR-LOG-ID="f7f36c77-7168-11f0-aee6-9c67d682987a" CLIENT-IP="167.248.114.72:62092" X-SITE-DEPLOYMENT-ID="pharmassist-enterprise" WAS-DEFAULT-HOSTNAME="pharmassist-enterprise.scm.azurewebsites.net" X-Forwarded-Proto="https" X-AppService-Proto="https" X-Forwarded-TlsVersion="1.3" X-WAWS-Unencoded-URL="/api/publish?type=zip&amp;restart=True" X-Client-IP="167.248.114.72" X-Client-Port="62092" >
  <step title="Cleanup Xml Logs" date="2025-08-04T19:35:33.180" /><!-- duration: 10ms -->
  <step title="OneDeploy" date="2025-08-04T19:35:33.251" >
    <step title="Starting PushDeployAsync" date="2025-08-04T19:35:33.320" /><!-- duration: 2ms -->
    <step title="Writing artifact to /tmp/zipdeploy/9550a843-58ca-4d71-8c7a-c6ef7c5e1e6d.zip" date="2025-08-04T19:35:33.345" >
      <step title="Writing multipart request body to /tmp/zipdeploy/9550a843-58ca-4d71-8c7a-c6ef7c5e1e6d.zip" date="2025-08-04T19:35:33.351" /><!-- duration: 6ms -->
    </step><!-- duration: 101ms -->
    <step title="Removing previous build artifact&apos;s manifest file" date="2025-08-04T19:35:33.484" >
      <step title="Attempting to fetch target branch HEAD" date="2025-08-04T19:35:33.535" /><!-- duration: 2ms -->
      <step title="Acquiring Deployment Lock" date="2025-08-04T19:35:33.555" /><!-- duration: 3ms -->
      <step title="Acquired Deployment Lock" date="2025-08-04T19:35:33.676" /><!-- duration: 12ms -->
      <step title="Performing fetch based deployment" date="2025-08-04T19:35:33.707" >
        <step title="Creating temporary deployment" date="2025-08-04T19:35:33.710" /><!-- duration: 238ms -->
        <step title="Releasing Deployment Lock" date="2025-08-04T19:35:35.254" /><!-- duration: 21ms -->
        <step title="Cleaning up temp folders from previous zip deployments and extracting pushed zip file /tmp/zipdeploy/9550a843-58ca-4d71-8c7a-c6ef7c5e1e6d.zip (0.04 MB) to /tmp/zipdeploy/extracted" date="2025-08-04T19:35:35.318" >
          <step title="ChmodRecursive Process exited with total time taken in ms: 370" date="2025-08-04T19:35:35.838" /><!-- duration: 40ms -->
        </step><!-- duration: 591ms -->
        <step title="None repository commit" date="2025-08-04T19:35:35.920" >
          <step title="Commit id: 20384935-386f-4ae9-bc99-baf1cbf76c77" date="2025-08-04T19:35:35.978" Message="OneDeploy" AuthorName="N/A" AuthorEmail="N/A" /><!-- duration: 51ms -->
        </step><!-- duration: 149ms -->
        <step title="Deployment timer started" date="2025-08-04T19:35:38.073" >
          <step title="DeploymentManager.Deploy(id:20384935-386f-4ae9-bc99-baf1cbf76c77)" date="2025-08-04T19:35:38.080" >
            <step title="Collecting changeset information" date="2025-08-04T19:35:38.127" /><!-- duration: 84ms -->
            <step title="Updating submodules" date="2025-08-04T19:35:38.219" /><!-- duration: 1170ms -->
            <step title="Determining deployment builder" date="2025-08-04T19:35:39.640" >
              <step title="Builder is OryxBuilder" date="2025-08-04T19:35:39.730" /><!-- duration: 12ms -->
            </step><!-- duration: 120ms -->
            <step title="PreDeployment: context.CleanOutputPath False" date="2025-08-04T19:35:39.870" >
              <step title="PreDeployment: context.OutputPath /home/site/wwwroot" date="2025-08-04T19:35:40.055" >
                <step title="Building" date="2025-08-04T19:35:40.231" >
                  <step title="Executing external process" date="2025-08-04T19:35:40.614" type="process" path="bash" arguments="-c &quot;oryx build /tmp/zipdeploy/extracted -o /home/site/wwwroot --platform python --platform-version 3.11 -p virtualenv_name=antenv --log-file /tmp/build-debug.log  -i /tmp/8ddd38e17fdbf49 --compress-destination-dir | tee /tmp/oryx-build.log ; exit $PIPESTATUS &quot;" /><!-- duration: 181744ms -->
                  <step title="Using PythonDeploymentLogParser" date="2025-08-04T19:38:42.863" /><!-- duration: 3ms -->
                  <step title="Modified file to trigger a restart of the app container." date="2025-08-04T19:38:44.274" /><!-- duration: 5ms -->
                  <step title="Skip function trigger and logicapp sync because function is not enabled." date="2025-08-04T19:38:44.290" /><!-- duration: 9ms -->
                </step><!-- duration: 185035ms -->
              </step><!-- duration: 185215ms -->
              <step title="Cleaning up temp files" date="2025-08-04T19:38:45.273" /><!-- duration: 1198ms -->
              <step title="Cleaning up temp files" date="2025-08-04T19:38:46.499" /><!-- duration: 524ms -->
              <step title="Reloading status file with latest updates" date="2025-08-04T19:38:47.125" >
                <step title="WebHooksManager.PublishEventAsync: PostDeployment" date="2025-08-04T19:38:47.162" /><!-- duration: 73ms -->
              </step><!-- duration: 138ms -->
              <step title="Cleaning up temporary deployment - fetch deployment was successful" date="2025-08-04T19:38:47.286" /><!-- duration: 9ms -->
            </step><!-- duration: 187535ms -->
          </step><!-- duration: 189346ms -->
          <step title="Outgoing response" date="2025-08-04T19:38:47.464" type="response" statusCode="200" statusText="OK" /><!-- duration: 3ms -->
        </step><!-- duration: 189430ms -->
