﻿<?xml version="1.0" encoding="utf-8"?>
<deployment>
  <id>31581c3c-f499-4bc8-aa30-9fb848d5a8b6</id>
  <author>N/A</author>
  <deployer>Push-Deployer</deployer>
  <authorEmail>N/A</authorEmail>
  <message>Created via a push deployment</message>
  <progress></progress>
  <status>Success</status>
  <statusText></statusText>
  <lastSuccessEndTime>2025-08-04T21:32:56.4600429Z</lastSuccessEndTime>
  <receivedTime>2025-08-04T21:26:24.3663464Z</receivedTime>
  <startTime>2025-08-04T21:26:25.9856608Z</startTime>
  <endTime>2025-08-04T21:32:56.4600429Z</endTime>
  <complete>True</complete>
  <is_temp>False</is_temp>
  <is_readonly>True</is_readonly>
  <buildSummary />
</deployment>