﻿<?xml version="1.0" encoding="utf-8"?>
<deployment>
  <id>78293dcb-d0c2-4192-afb4-0a26c6deb10e</id>
  <author>N/A</author>
  <deployer>Push-Deployer</deployer>
  <authorEmail>N/A</authorEmail>
  <message>Created via a push deployment</message>
  <progress></progress>
  <status>Success</status>
  <statusText></statusText>
  <lastSuccessEndTime>2025-08-04T22:17:55.1861423Z</lastSuccessEndTime>
  <receivedTime>2025-08-04T22:14:52.9068308Z</receivedTime>
  <startTime>2025-08-04T22:14:54.3267573Z</startTime>
  <endTime>2025-08-04T22:17:55.1861423Z</endTime>
  <complete>True</complete>
  <is_temp>False</is_temp>
  <is_readonly>True</is_readonly>
  <buildSummary />
</deployment>