<step title="BackgroundTrace" date="2025-08-04T21:48:57.777" instance="6db5fe" url="/api/zipdeploy" method="POST" >
  <step title="Creating temporary deployment - FetchDeploymentManager" date="2025-08-04T21:48:57.951" /><!-- duration: 3ms -->
  <step title="Creating temporary deployment" date="2025-08-04T21:48:57.973" /><!-- duration: 132ms -->
  <step title="Performing fetch based deployment" date="2025-08-04T21:48:58.170" >
    <step title="Cleaning up temp folders from previous zip deployments and extracting pushed zip file /tmp/zipdeploy/f9988cf7-328d-4dd9-b6e9-14ca11203daf.zip (0.03 MB) to /tmp/zipdeploy/extracted" date="2025-08-04T21:48:59.376" >
      <step title="ChmodRecursive Process exited with total time taken in ms: 208" date="2025-08-04T21:48:59.689" /><!-- duration: 12ms -->
    </step><!-- duration: 373ms -->
    <step title="Deployment timer started" date="2025-08-04T21:49:01.789" >
      <step title="DeploymentManager.Deploy(id:d26295e7-dd64-40f1-8f72-4de32a94b97d)" date="2025-08-04T21:49:01.809" >
        <step title="Collecting changeset information" date="2025-08-04T21:49:01.889" /><!-- duration: 128ms -->
        <step title="Updating submodules" date="2025-08-04T21:49:02.041" /><!-- duration: 1153ms -->
        <step title="Determining deployment builder" date="2025-08-04T21:49:03.962" >
          <step title="Builder is OryxBuilder" date="2025-08-04T21:49:04.013" /><!-- duration: 3ms -->
        </step><!-- duration: 68ms -->
        <step title="PreDeployment: context.CleanOutputPath False" date="2025-08-04T21:49:04.089" >
          <step title="PreDeployment: context.OutputPath /home/site/wwwroot" date="2025-08-04T21:49:04.258" >
            <step title="Building" date="2025-08-04T21:49:04.501" >
              <step title="Executing external process" date="2025-08-04T21:49:05.036" type="process" path="bash" arguments="-c &quot;oryx build /tmp/zipdeploy/extracted -o /home/site/wwwroot --platform python --platform-version 3.11 -p virtualenv_name=antenv --log-file /tmp/build-debug.log  -i /tmp/8ddd3a0bae73a91 --compress-destination-dir | tee /tmp/oryx-build.log ; exit $PIPESTATUS &quot;" /><!-- duration: 117660ms -->
              <step title="Using PythonDeploymentLogParser" date="2025-08-04T21:51:03.147" /><!-- duration: 11ms -->
              <step title="Triggering recycle (preview mode disabled)." date="2025-08-04T21:51:04.366" /><!-- duration: 13ms -->
              <step title="Modified file to trigger a restart of the app container." date="2025-08-04T21:51:04.437" /><!-- duration: 11ms -->
              <step title="Skip function trigger and logicapp sync because function is not enabled." date="2025-08-04T21:51:04.469" /><!-- duration: 48ms -->
              <step title="Purge deployment items" date="2025-08-04T21:51:05.733" >
                <step title="Remove c26fc3b8-, Failed, received at 08/04/2025 20:20:38" date="2025-08-04T21:51:05.855" /><!-- duration: 19ms -->
                <step title="Remove 2427b346-, Success, received at 08/04/2025 18:19:19" date="2025-08-04T21:51:05.966" /><!-- duration: 17ms -->
              </step><!-- duration: 272ms -->
            </step><!-- duration: 121716ms -->
          </step><!-- duration: 121969ms -->
          <step title="Cleaning up temp files" date="2025-08-04T21:51:06.236" /><!-- duration: 514ms -->
          <step title="Cleaning up temp files" date="2025-08-04T21:51:06.761" /><!-- duration: 513ms -->
          <step title="Reloading status file with latest updates" date="2025-08-04T21:51:07.318" >
            <step title="WebHooksManager.PublishEventAsync: PostDeployment" date="2025-08-04T21:51:07.338" /><!-- duration: 175ms -->
          </step><!-- duration: 199ms -->
          <step title="Cleaning up temporary deployment - fetch deployment was successful" date="2025-08-04T21:51:07.530" /><!-- duration: 3ms -->
        </step><!-- duration: 123493ms -->
      </step><!-- duration: 125806ms -->
