<step title="Incoming Request" date="2025-08-04T18:00:54.653" instance="6db5fe" url="/api/publish?type=zip" method="POST" type="request" pid="774,1,27" Accept="*/*" Host="pharmassist-enterprise.scm.azurewebsites.net" User-Agent="AZURECLI/2.75.0 (MSI)" Accept-Encoding="gzip, deflate" Authorization="Bas..." Cache-Control="no-cache" Content-Type="application/octet-stream" Cookie="ARRAffinity=6db5fe3709d4444b9c04907ca05f920ef31de709c6d20b04e0a56f99d39a3800; ARRAffinitySameSite=6db5fe3709d4444b9c04907ca05f920ef31de709c6d20b04e0a56f99d39a3800" Content-Length="18587" x-ms-client-request-id="f24e3733-715c-11f0-8788-9c67d682987a" x-ms-artifact-checksum="064ef7578ca476990a0d1d7a57f20d271a19d2f3589c0b1eebba44f7effe41ae" X-ARR-LOG-ID="f24e3733-715c-11f0-8788-9c67d682987a" CLIENT-IP="167.248.114.72:61466" X-SITE-DEPLOYMENT-ID="pharmassist-enterprise" WAS-DEFAULT-HOSTNAME="pharmassist-enterprise.scm.azurewebsites.net" X-Forwarded-Proto="https" X-AppService-Proto="https" X-Forwarded-TlsVersion="1.3" X-WAWS-Unencoded-URL="/api/publish?type=zip" X-Client-IP="167.248.114.72" X-Client-Port="61466" >
  <step title="OneDeploy" date="2025-08-04T18:00:54.775" >
    <step title="Starting PushDeployAsync" date="2025-08-04T18:00:54.786" /><!-- duration: 2ms -->
    <step title="Writing artifact to /tmp/zipdeploy/6d45256f-56c9-459b-af34-0bc7910f3ad4.zip" date="2025-08-04T18:00:54.805" >
      <step title="Writing multipart request body to /tmp/zipdeploy/6d45256f-56c9-459b-af34-0bc7910f3ad4.zip" date="2025-08-04T18:00:54.824" /><!-- duration: 2ms -->
    </step><!-- duration: 101ms -->
    <step title="Removing previous build artifact&apos;s manifest file" date="2025-08-04T18:00:54.928" >
      <step title="Attempting to fetch target branch HEAD" date="2025-08-04T18:00:54.958" /><!-- duration: 9ms -->
      <step title="Acquiring Deployment Lock" date="2025-08-04T18:00:55.038" /><!-- duration: 18ms -->
      <step title="Acquired Deployment Lock" date="2025-08-04T18:00:55.122" /><!-- duration: 2ms -->
      <step title="Performing fetch based deployment" date="2025-08-04T18:00:55.133" >
        <step title="Creating temporary deployment" date="2025-08-04T18:00:55.146" /><!-- duration: 119ms -->
        <step title="Releasing Deployment Lock" date="2025-08-04T18:00:56.438" /><!-- duration: 32ms -->
        <step title="Cleaning up temp folders from previous zip deployments and extracting pushed zip file /tmp/zipdeploy/6d45256f-56c9-459b-af34-0bc7910f3ad4.zip (0.02 MB) to /tmp/zipdeploy/extracted" date="2025-08-04T18:00:56.488" >
          <step title="ChmodRecursive Process exited with total time taken in ms: 142" date="2025-08-04T18:00:56.728" /><!-- duration: 28ms -->
        </step><!-- duration: 278ms -->
        <step title="None repository commit" date="2025-08-04T18:00:56.769" >
          <step title="Commit id: 8227c457-f199-444e-a63d-b37e656fd488" date="2025-08-04T18:00:56.789" Message="OneDeploy" AuthorName="N/A" AuthorEmail="N/A" /><!-- duration: 9ms -->
        </step><!-- duration: 37ms -->
        <step title="Deployment timer started" date="2025-08-04T18:00:58.811" >
          <step title="DeploymentManager.Deploy(id:8227c457-f199-444e-a63d-b37e656fd488)" date="2025-08-04T18:00:58.819" >
            <step title="Collecting changeset information" date="2025-08-04T18:00:58.897" /><!-- duration: 162ms -->
            <step title="Updating submodules" date="2025-08-04T18:00:59.088" /><!-- duration: 1161ms -->
            <step title="Determining deployment builder" date="2025-08-04T18:01:00.466" >
              <step title="Builder is OryxBuilder" date="2025-08-04T18:01:00.492" /><!-- duration: 2ms -->
            </step><!-- duration: 32ms -->
            <step title="PreDeployment: context.CleanOutputPath False" date="2025-08-04T18:01:00.560" >
              <step title="PreDeployment: context.OutputPath /home/site/wwwroot" date="2025-08-04T18:01:00.704" >
                <step title="Building" date="2025-08-04T18:01:00.847" >
                  <step title="Executing external process" date="2025-08-04T18:01:01.182" type="process" path="bash" arguments="-c &quot;oryx build /tmp/zipdeploy/extracted -o /home/site/wwwroot --platform python --platform-version 3.11 -p virtualenv_name=antenv --log-file /tmp/build-debug.log  -i /tmp/8ddd380dee204d5 --compress-destination-dir | tee /tmp/oryx-build.log ; exit $PIPESTATUS &quot;" /><!-- duration: 88303ms -->
                  <step title="Using PythonDeploymentLogParser" date="2025-08-04T18:02:30.488" /><!-- duration: 10ms -->
                  <step title="Modified file to trigger a restart of the app container." date="2025-08-04T18:02:32.599" /><!-- duration: 51ms -->
                  <step title="Skip function trigger and logicapp sync because function is not enabled." date="2025-08-04T18:02:32.677" /><!-- duration: 31ms -->
                </step><!-- duration: 93109ms -->
              </step><!-- duration: 93272ms -->
              <step title="Cleaning up temp files" date="2025-08-04T18:02:33.986" /><!-- duration: 1156ms -->
              <step title="Cleaning up temp files" date="2025-08-04T18:02:35.160" /><!-- duration: 544ms -->
              <step title="Reloading status file with latest updates" date="2025-08-04T18:02:35.816" >
                <step title="WebHooksManager.PublishEventAsync: PostDeployment" date="2025-08-04T18:02:35.854" /><!-- duration: 72ms -->
              </step><!-- duration: 158ms -->
              <step title="Cleaning up temporary deployment - fetch deployment was successful" date="2025-08-04T18:02:36.018" /><!-- duration: 18ms -->
            </step><!-- duration: 95609ms -->
          </step><!-- duration: 97489ms -->
          <step title="Outgoing response" date="2025-08-04T18:02:36.407" type="response" statusCode="200" statusText="OK" /><!-- duration: 21ms -->
        </step><!-- duration: 97620ms -->
