<step title="BackgroundTrace" date="2025-08-04T22:37:22.951" instance="6db5fe" url="/api/zipdeploy" method="POST" >
  <step title="Creating temporary deployment - FetchDeploymentManager" date="2025-08-04T22:37:23.231" /><!-- duration: 3ms -->
  <step title="Creating temporary deployment" date="2025-08-04T22:37:23.261" /><!-- duration: 162ms -->
  <step title="Performing fetch based deployment" date="2025-08-04T22:37:23.552" >
    <step title="Cleaning up temp folders from previous zip deployments and extracting pushed zip file /tmp/zipdeploy/42e00df7-09fb-4525-9e8a-3d058380f44d.zip (0.05 MB) to /tmp/zipdeploy/extracted" date="2025-08-04T22:37:25.011" >
      <step title="ChmodRecursive Process exited with total time taken in ms: 140" date="2025-08-04T22:37:25.413" /><!-- duration: 12ms -->
    </step><!-- duration: 493ms -->
    <step title="Deployment timer started" date="2025-08-04T22:37:27.607" >
      <step title="DeploymentManager.Deploy(id:e1b36b3e-7ec0-4df4-9d61-5f2aa0c9a322)" date="2025-08-04T22:37:27.664" >
        <step title="Collecting changeset information" date="2025-08-04T22:37:27.776" /><!-- duration: 383ms -->
        <step title="Updating submodules" date="2025-08-04T22:37:28.217" /><!-- duration: 1358ms -->
        <step title="Determining deployment builder" date="2025-08-04T22:37:30.341" >
          <step title="Builder is OryxBuilder" date="2025-08-04T22:37:30.469" /><!-- duration: 23ms -->
        </step><!-- duration: 190ms -->
        <step title="PreDeployment: context.CleanOutputPath False" date="2025-08-04T22:37:30.965" >
          <step title="PreDeployment: context.OutputPath /home/site/wwwroot" date="2025-08-04T22:37:31.325" >
            <step title="Building" date="2025-08-04T22:37:31.667" >
              <step title="Executing external process" date="2025-08-04T22:37:32.505" type="process" path="bash" arguments="-c &quot;oryx build /tmp/zipdeploy/extracted -o /home/site/wwwroot --platform python --platform-version 3.11 -p virtualenv_name=antenv --log-file /tmp/build-debug.log  -i /tmp/8ddd3a77f502918 --compress-destination-dir | tee /tmp/oryx-build.log ; exit $PIPESTATUS &quot;" /><!-- duration: 141392ms -->
              <step title="Using PythonDeploymentLogParser" date="2025-08-04T22:39:54.312" /><!-- duration: 11ms -->
              <step title="Triggering recycle (preview mode disabled)." date="2025-08-04T22:39:55.609" /><!-- duration: 23ms -->
              <step title="Modified file to trigger a restart of the app container." date="2025-08-04T22:39:55.719" /><!-- duration: 17ms -->
              <step title="Skip function trigger and logicapp sync because function is not enabled." date="2025-08-04T22:39:55.767" /><!-- duration: 20ms -->
              <step title="Purge deployment items" date="2025-08-04T22:39:56.851" >
                <step title="Remove 485f23a2-, Success, received at 08/04/2025 20:01:45" date="2025-08-04T22:39:56.913" /><!-- duration: 4ms -->
              </step><!-- duration: 81ms -->
            </step><!-- duration: 145371ms -->
          </step><!-- duration: 145716ms -->
          <step title="Cleaning up temp files" date="2025-08-04T22:39:57.045" /><!-- duration: 1053ms -->
          <step title="Cleaning up temp files" date="2025-08-04T22:39:58.112" /><!-- duration: 519ms -->
          <step title="Reloading status file with latest updates" date="2025-08-04T22:39:58.665" >
            <step title="WebHooksManager.PublishEventAsync: PostDeployment" date="2025-08-04T22:39:58.679" /><!-- duration: 61ms -->
          </step><!-- duration: 79ms -->
          <step title="Cleaning up temporary deployment - fetch deployment was successful" date="2025-08-04T22:39:58.750" /><!-- duration: 4ms -->
        </step><!-- duration: 147855ms -->
      </step><!-- duration: 151177ms -->
