<step title="Incoming Request" date="2025-08-04T19:40:36.689" instance="6db5fe" url="/api/publish?type=zip&amp;restart=True" method="POST" type="request" pid="782,1,19" Accept="*/*" Host="pharmassist-enterprise.scm.azurewebsites.net" User-Agent="AZURECLI/2.75.0 (MSI)" Accept-Encoding="gzip, deflate" Authorization="Bas..." Cache-Control="no-cache" Content-Type="application/octet-stream" Cookie="ARRAffinity=6db5fe3709d4444b9c04907ca05f920ef31de709c6d20b04e0a56f99d39a3800; ARRAffinitySameSite=6db5fe3709d4444b9c04907ca05f920ef31de709c6d20b04e0a56f99d39a3800" Content-Length="42595" x-ms-client-request-id="def3c74d-716a-11f0-aef0-9c67d682987a" x-ms-artifact-checksum="6a13abc439c2930274113b8118898d86b8ecf890a096ba4ece08b612931eedeb" X-ARR-LOG-ID="def3c74d-716a-11f0-aef0-9c67d682987a" CLIENT-IP="167.248.114.72:62479" X-SITE-DEPLOYMENT-ID="pharmassist-enterprise" WAS-DEFAULT-HOSTNAME="pharmassist-enterprise.scm.azurewebsites.net" X-Forwarded-Proto="https" X-AppService-Proto="https" X-Forwarded-TlsVersion="1.3" X-WAWS-Unencoded-URL="/api/publish?type=zip&amp;restart=True" X-Client-IP="167.248.114.72" X-Client-Port="62479" >
  <step title="OneDeploy" date="2025-08-04T19:40:36.702" >
    <step title="Starting PushDeployAsync" date="2025-08-04T19:40:36.724" /><!-- duration: 2ms -->
    <step title="Writing artifact to /tmp/zipdeploy/0afda95a-cb1a-41b0-922c-a767da13a1b7.zip" date="2025-08-04T19:40:36.742" >
      <step title="Writing multipart request body to /tmp/zipdeploy/0afda95a-cb1a-41b0-922c-a767da13a1b7.zip" date="2025-08-04T19:40:36.750" /><!-- duration: 3ms -->
    </step><!-- duration: 52ms -->
    <step title="Removing previous build artifact&apos;s manifest file" date="2025-08-04T19:40:36.824" >
      <step title="Attempting to fetch target branch HEAD" date="2025-08-04T19:40:36.853" /><!-- duration: 2ms -->
      <step title="Acquiring Deployment Lock" date="2025-08-04T19:40:36.861" /><!-- duration: 3ms -->
      <step title="Acquired Deployment Lock" date="2025-08-04T19:40:36.927" /><!-- duration: 3ms -->
      <step title="Performing fetch based deployment" date="2025-08-04T19:40:36.938" >
        <step title="Creating temporary deployment" date="2025-08-04T19:40:36.951" /><!-- duration: 133ms -->
        <step title="Releasing Deployment Lock" date="2025-08-04T19:40:38.313" /><!-- duration: 4ms -->
        <step title="Cleaning up temp folders from previous zip deployments and extracting pushed zip file /tmp/zipdeploy/0afda95a-cb1a-41b0-922c-a767da13a1b7.zip (0.04 MB) to /tmp/zipdeploy/extracted" date="2025-08-04T19:40:38.383" >
          <step title="ChmodRecursive Process exited with total time taken in ms: 191" date="2025-08-04T19:40:38.685" /><!-- duration: 28ms -->
        </step><!-- duration: 349ms -->
        <step title="None repository commit" date="2025-08-04T19:40:38.753" >
          <step title="Commit id: 6f7e4ddd-a9ce-4e1e-ac78-c056f9c83ac0" date="2025-08-04T19:40:38.795" Message="OneDeploy" AuthorName="N/A" AuthorEmail="N/A" /><!-- duration: 9ms -->
        </step><!-- duration: 72ms -->
        <step title="Deployment timer started" date="2025-08-04T19:40:40.847" >
          <step title="DeploymentManager.Deploy(id:6f7e4ddd-a9ce-4e1e-ac78-c056f9c83ac0)" date="2025-08-04T19:40:40.862" >
            <step title="Collecting changeset information" date="2025-08-04T19:40:40.915" /><!-- duration: 98ms -->
            <step title="Updating submodules" date="2025-08-04T19:40:41.033" /><!-- duration: 1409ms -->
            <step title="Determining deployment builder" date="2025-08-04T19:40:42.671" >
              <step title="Builder is OryxBuilder" date="2025-08-04T19:40:42.702" /><!-- duration: 3ms -->
            </step><!-- duration: 42ms -->
            <step title="PreDeployment: context.CleanOutputPath False" date="2025-08-04T19:40:42.770" >
              <step title="PreDeployment: context.OutputPath /home/site/wwwroot" date="2025-08-04T19:40:42.912" >
                <step title="Building" date="2025-08-04T19:40:43.051" >
                  <step title="Executing external process" date="2025-08-04T19:40:43.389" type="process" path="bash" arguments="-c &quot;oryx build /tmp/zipdeploy/extracted -o /home/site/wwwroot --platform python --platform-version 3.11 -p virtualenv_name=antenv --log-file /tmp/build-debug.log  -i /tmp/8ddd38ecc8fb627 --compress-destination-dir | tee /tmp/oryx-build.log ; exit $PIPESTATUS &quot;" /><!-- duration: 176642ms -->
                  <step title="Using PythonDeploymentLogParser" date="2025-08-04T19:43:40.433" /><!-- duration: 10ms -->
                  <step title="Modified file to trigger a restart of the app container." date="2025-08-04T19:43:41.729" /><!-- duration: 12ms -->
                  <step title="Skip function trigger and logicapp sync because function is not enabled." date="2025-08-04T19:43:41.745" /><!-- duration: 11ms -->
                </step><!-- duration: 179747ms -->
              </step><!-- duration: 179893ms -->
              <step title="Cleaning up temp files" date="2025-08-04T19:43:42.807" /><!-- duration: 790ms -->
              <step title="Cleaning up temp files" date="2025-08-04T19:43:43.602" /><!-- duration: 519ms -->
              <step title="Reloading status file with latest updates" date="2025-08-04T19:43:44.170" >
                <step title="WebHooksManager.PublishEventAsync: PostDeployment" date="2025-08-04T19:43:44.187" /><!-- duration: 40ms -->
              </step><!-- duration: 61ms -->
              <step title="Cleaning up temporary deployment - fetch deployment was successful" date="2025-08-04T19:43:44.238" /><!-- duration: 8ms -->
            </step><!-- duration: 181533ms -->
          </step><!-- duration: 183447ms -->
          <step title="Outgoing response" date="2025-08-04T19:43:44.322" type="response" statusCode="200" statusText="OK" /><!-- duration: 12ms -->
        </step><!-- duration: 183504ms -->
