<step title="Incoming Request" date="2025-08-04T21:56:41.595" instance="6db5fe" url="/api/zipdeploy?isAsync=true" method="POST" type="request" pid="780,1,22" Accept="*/*" Host="pharmassist-enterprise.scm.azurewebsites.net" User-Agent="AZURECLI/2.75.0 (MSI)" Accept-Encoding="gzip, deflate" Authorization="Bas..." Cache-Control="no-cache" Content-Type="application/octet-stream" Cookie="ARRAffinity=6db5fe3709d4444b9c04907ca05f920ef31de709c6d20b04e0a56f99d39a3800; ARRAffinitySameSite=6db5fe3709d4444b9c04907ca05f920ef31de709c6d20b04e0a56f99d39a3800" Content-Length="56652" x-ms-client-request-id="e247aac0-717d-11f0-9a16-9c67d682987a" x-ms-artifact-checksum="e0f057cb7f0bda237c27a288d9fd47babae84cc81570897608163b91004585e8" X-ARR-LOG-ID="e247aac0-717d-11f0-9a16-9c67d682987a" CLIENT-IP="167.248.114.72:53495" X-SITE-DEPLOYMENT-ID="pharmassist-enterprise" WAS-DEFAULT-HOSTNAME="pharmassist-enterprise.scm.azurewebsites.net" X-Forwarded-Proto="https" X-AppService-Proto="https" X-Forwarded-TlsVersion="1.3" X-WAWS-Unencoded-URL="/api/zipdeploy?isAsync=true" X-Client-IP="167.248.114.72" X-Client-Port="53495" >
  <step title="ZipPushDeploy" date="2025-08-04T21:56:41.625" >
    <step title="ZipDeploy. Extract zip. Remote build." date="2025-08-04T21:56:41.637" /><!-- duration: 2ms -->
    <step title="Starting PushDeployAsync" date="2025-08-04T21:56:41.647" /><!-- duration: 3ms -->
    <step title="Writing artifact to /tmp/zipdeploy/a8292b69-0960-465e-baeb-2ac2151e1fda.zip" date="2025-08-04T21:56:41.677" >
      <step title="Writing multipart request body to /tmp/zipdeploy/a8292b69-0960-465e-baeb-2ac2151e1fda.zip" date="2025-08-04T21:56:41.690" /><!-- duration: 10ms -->
    </step><!-- duration: 52ms -->
    <step title="Removing previous build artifact&apos;s manifest file" date="2025-08-04T21:56:41.750" >
      <step title="Start deployment in the background" date="2025-08-04T21:56:41.806" >
        <step title="Acquiring Deployment Lock" date="2025-08-04T21:56:41.837" /><!-- duration: 3ms -->
        <step title="Acquired Deployment Lock" date="2025-08-04T21:56:41.910" /><!-- duration: 3ms -->
      </step><!-- duration: 279ms -->
    </step><!-- duration: 340ms -->
    <step title="Outgoing response" date="2025-08-04T21:56:42.094" type="response" statusCode="202" statusText="Accepted" /><!-- duration: 4ms -->
  </step><!-- duration: 478ms -->
