﻿<?xml version="1.0" encoding="utf-8"?>
<deployment>
  <id>6ba5f122-e570-4507-9016-60524f53d00f</id>
  <author>N/A</author>
  <deployer>Push-Deployer</deployer>
  <authorEmail>N/A</authorEmail>
  <message>Created via a push deployment</message>
  <progress></progress>
  <status>Success</status>
  <statusText></statusText>
  <lastSuccessEndTime>2025-08-04T21:54:32.3343173Z</lastSuccessEndTime>
  <receivedTime>2025-08-04T21:52:57.767014Z</receivedTime>
  <startTime>2025-08-04T21:53:01.6624042Z</startTime>
  <endTime>2025-08-04T21:54:32.3343173Z</endTime>
  <complete>True</complete>
  <is_temp>False</is_temp>
  <is_readonly>True</is_readonly>
  <buildSummary />
</deployment>