﻿<?xml version="1.0" encoding="utf-8"?>
<deployment>
  <id>cb25b66e-dc4e-42b1-9a5d-394b7fd6e872</id>
  <author>N/A</author>
  <deployer>OneDeploy</deployer>
  <authorEmail>N/A</authorEmail>
  <message>OneDeploy</message>
  <progress>Running oryx build...</progress>
  <status>Building</status>
  <statusText>Building and Deploying 'cb25b66e-dc4e-42b1-9a5d-394b7fd6e872'.</statusText>
  <lastSuccessEndTime />
  <receivedTime>2025-08-04T00:19:05.3753118Z</receivedTime>
  <startTime>2025-08-04T00:19:06.7406119Z</startTime>
  <endTime />
  <complete>False</complete>
  <is_temp>False</is_temp>
  <is_readonly>True</is_readonly>
  <buildSummary />
</deployment>