﻿<?xml version="1.0" encoding="utf-8"?>
<deployment>
  <id>2811b21d-1835-40e9-95f6-f74f1121b49b</id>
  <author>N/A</author>
  <deployer>Push-Deployer</deployer>
  <authorEmail>N/A</authorEmail>
  <message>Created via a push deployment</message>
  <progress></progress>
  <status>Success</status>
  <statusText></statusText>
  <lastSuccessEndTime>2025-08-03T20:56:06.7501179Z</lastSuccessEndTime>
  <receivedTime>2025-08-03T20:54:02.8393274Z</receivedTime>
  <startTime>2025-08-03T20:54:04.4024058Z</startTime>
  <endTime>2025-08-03T20:56:06.7501179Z</endTime>
  <complete>True</complete>
  <is_temp>False</is_temp>
  <is_readonly>True</is_readonly>
  <buildSummary />
</deployment>