﻿<?xml version="1.0" encoding="utf-8"?>
<deployment>
  <id>d26295e7-dd64-40f1-8f72-4de32a94b97d</id>
  <author>N/A</author>
  <deployer>Push-Deployer</deployer>
  <authorEmail>N/A</authorEmail>
  <message>Created via a push deployment</message>
  <progress></progress>
  <status>Success</status>
  <statusText></statusText>
  <lastSuccessEndTime>2025-08-04T21:51:05.1006521Z</lastSuccessEndTime>
  <receivedTime>2025-08-04T21:49:01.9616373Z</receivedTime>
  <startTime>2025-08-04T21:49:03.9010937Z</startTime>
  <endTime>2025-08-04T21:51:05.1006521Z</endTime>
  <complete>True</complete>
  <is_temp>False</is_temp>
  <is_readonly>True</is_readonly>
  <buildSummary />
</deployment>