﻿<?xml version="1.0" encoding="utf-8"?>
<deployment>
  <id>39c97ad3-3359-495f-b920-2088b8d1ecc5</id>
  <author>N/A</author>
  <deployer>Push-Deployer</deployer>
  <authorEmail>N/A</authorEmail>
  <message>Created via a push deployment</message>
  <progress></progress>
  <status>Success</status>
  <statusText></statusText>
  <lastSuccessEndTime>2025-08-04T22:05:43.9296298Z</lastSuccessEndTime>
  <receivedTime>2025-08-04T22:04:01.1834243Z</receivedTime>
  <startTime>2025-08-04T22:04:02.9015916Z</startTime>
  <endTime>2025-08-04T22:05:43.9296298Z</endTime>
  <complete>True</complete>
  <is_temp>False</is_temp>
  <is_readonly>True</is_readonly>
  <buildSummary />
</deployment>