<step title="Incoming Request" date="2025-08-04T13:13:12.876" instance="22f8c1" url="/api/zipdeploy?isAsync=true" method="POST" type="request" pid="767,1,15" Accept="*/*" Host="pharmacy-pdf-scanner-km.scm.azurewebsites.net" User-Agent="AZURECLI/2.75.0 (MSI)" Accept-Encoding="gzip, deflate" Authorization="Bas..." Cache-Control="no-cache" Content-Type="application/octet-stream" Cookie="ARRAffinity=22f8c11faef6a4a4ccafc71d83489c3bc114dc0b51206b7db0212127aa8abc73; ARRAffinitySameSite=22f8c11faef6a4a4ccafc71d83489c3bc114dc0b51206b7db0212127aa8abc73" Content-Length="132920" x-ms-client-request-id="a60f4319-7134-11f0-8ce6-9c67d682987a" x-ms-artifact-checksum="bfb42a6645d796a5c4c8c781ac7a8f5e69228948de4404b9c0374f61a7298ea3" X-ARR-LOG-ID="a60f4319-7134-11f0-8ce6-9c67d682987a" CLIENT-IP="167.248.114.72:52523" X-SITE-DEPLOYMENT-ID="pharmacy-pdf-scanner-km" WAS-DEFAULT-HOSTNAME="pharmacy-pdf-scanner-km.scm.azurewebsites.net" X-Forwarded-Proto="https" X-AppService-Proto="https" X-Forwarded-TlsVersion="1.3" X-WAWS-Unencoded-URL="/api/zipdeploy?isAsync=true" X-Client-IP="167.248.114.72" X-Client-Port="52523" >
  <step title="ZipPushDeploy" date="2025-08-04T13:13:12.930" >
    <step title="ZipDeploy. Extract zip." date="2025-08-04T13:13:12.939" /><!-- duration: 3ms -->
    <step title="None repository commit" date="2025-08-04T13:13:12.947" >
      <step title="Commit id: 66b824dc-8aaf-4fa2-a933-394438f6188a" date="2025-08-04T13:13:12.950" Message="N/A" AuthorName="N/A" AuthorEmail="N/A" /><!-- duration: 2ms -->
    </step><!-- duration: 8ms -->
    <step title="Starting PushDeployAsync" date="2025-08-04T13:13:12.958" /><!-- duration: 2ms -->
    <step title="Writing artifact to /tmp/zipdeploy/2dfe3a5f-cfdd-4912-8fa3-e1f2979c8e9e.zip" date="2025-08-04T13:13:12.977" >
      <step title="Writing multipart request body to /tmp/zipdeploy/2dfe3a5f-cfdd-4912-8fa3-e1f2979c8e9e.zip" date="2025-08-04T13:13:12.985" /><!-- duration: 3ms -->
    </step><!-- duration: 49ms -->
    <step title="Start deployment in the background" date="2025-08-04T13:13:13.039" >
      <step title="Acquiring Deployment Lock" date="2025-08-04T13:13:13.063" /><!-- duration: 1ms -->
      <step title="Acquired Deployment Lock" date="2025-08-04T13:13:13.099" /><!-- duration: 3ms -->
    </step><!-- duration: 157ms -->
  </step><!-- duration: 270ms -->
  <step title="Outgoing response" date="2025-08-04T13:13:13.205" type="response" statusCode="202" statusText="Accepted" /><!-- duration: 3ms -->
</step><!-- duration: 335ms -->
