<step title="BackgroundTrace" date="2025-08-04T13:13:13.045" instance="22f8c1" url="/api/zipdeploy" method="POST" >
  <step title="Creating temporary deployment - FetchDeploymentManager" date="2025-08-04T13:13:13.105" /><!-- duration: 3ms -->
  <step title="Creating temporary deployment" date="2025-08-04T13:13:13.113" /><!-- duration: 80ms -->
  <step title="Performing fetch based deployment" date="2025-08-04T13:13:13.241" >
    <step title="Cleaning up temp folders from previous zip deployments and extracting pushed zip file /tmp/zipdeploy/2dfe3a5f-cfdd-4912-8fa3-e1f2979c8e9e.zip (0.13 MB) to /tmp/zipdeploy/extracted" date="2025-08-04T13:13:14.397" >
      <step title="ChmodRecursive Process exited with total time taken in ms: 26" date="2025-08-04T13:13:14.474" /><!-- duration: 5ms -->
    </step><!-- duration: 87ms -->
    <step title="Deployment timer started" date="2025-08-04T13:13:16.499" >
      <step title="DeploymentManager.Deploy(id:66b824dc-8aaf-4fa2-a933-394438f6188a)" date="2025-08-04T13:13:16.504" >
        <step title="Collecting changeset information" date="2025-08-04T13:13:16.525" /><!-- duration: 107ms -->
        <step title="Updating submodules" date="2025-08-04T13:13:16.643" /><!-- duration: 1113ms -->
        <step title="Determining deployment builder" date="2025-08-04T13:13:17.953" >
          <step title="Builder is BasicBuilder" date="2025-08-04T13:13:17.962" /><!-- duration: 3ms -->
        </step><!-- duration: 15ms -->
        <step title="PreDeployment: context.CleanOutputPath False" date="2025-08-04T13:13:18.029" >
          <step title="PreDeployment: context.OutputPath /home/site/wwwroot" date="2025-08-04T13:13:18.125" >
            <step title="Building" date="2025-08-04T13:13:18.281" >
              <step title="Executing external process" date="2025-08-04T13:13:18.542" type="process" path="starter.sh" arguments="/opt/Kudu/Scripts/parallel_rsync.sh /tmp/zipdeploy/extracted /home/site/wwwroot 8 /tmp/ False True  " /><!-- duration: 2383ms -->
              <step title="Triggering recycle (preview mode disabled)." date="2025-08-04T13:13:21.152" /><!-- duration: 4ms -->
              <step title="Modified file to trigger a restart of the app container." date="2025-08-04T13:13:21.236" /><!-- duration: 12ms -->
              <step title="Skip function trigger and logicapp sync because function is not enabled." date="2025-08-04T13:13:21.252" /><!-- duration: 6ms -->
            </step><!-- duration: 3663ms -->
          </step><!-- duration: 3823ms -->
          <step title="Cleaning up temp files" date="2025-08-04T13:13:21.951" /><!-- duration: 3ms -->
          <step title="Cleaning up temp files" date="2025-08-04T13:13:21.957" /><!-- duration: 509ms -->
          <step title="Reloading status file with latest updates" date="2025-08-04T13:13:22.499" >
            <step title="WebHooksManager.PublishEventAsync: PostDeployment" date="2025-08-04T13:13:22.505" /><!-- duration: 96ms -->
          </step><!-- duration: 104ms -->
          <step title="Cleaning up temporary deployment - fetch deployment was successful" date="2025-08-04T13:13:22.610" /><!-- duration: 2ms -->
        </step><!-- duration: 4722ms -->
      </step><!-- duration: 6266ms -->
