﻿<?xml version="1.0" encoding="utf-8"?>
<deployment>
  <id>cb25b66e-dc4e-42b1-9a5d-394b7fd6e872</id>
  <author>N/A</author>
  <deployer>OneDeploy</deployer>
  <authorEmail>N/A</authorEmail>
  <message>OneDeploy</message>
  <progress></progress>
  <status>Failed</status>
  <statusText>Deployment has been stopped due to SCM container restart. The restart can happen due to a management operation on site. Do not perform a management operation and a deployment operation in quick succession. Adding a small delay can help avoid any conflicts.</statusText>
  <lastSuccessEndTime />
  <receivedTime>2025-08-04T00:19:05.3753118Z</receivedTime>
  <startTime>2025-08-04T00:19:06.7406119Z</startTime>
  <endTime>2025-08-04T02:42:10.7510276Z</endTime>
  <complete>True</complete>
  <is_temp>False</is_temp>
  <is_readonly>True</is_readonly>
  <buildSummary />
</deployment>