﻿<?xml version="1.0" encoding="utf-8"?>
<deployment>
  <id>0ee50750-5a63-41aa-995b-07aed5049352</id>
  <author>N/A</author>
  <deployer>Push-Deployer</deployer>
  <authorEmail>N/A</authorEmail>
  <message>Created via a push deployment</message>
  <progress></progress>
  <status>Success</status>
  <statusText></statusText>
  <lastSuccessEndTime>2025-08-03T21:07:39.2350125Z</lastSuccessEndTime>
  <receivedTime>2025-08-03T21:05:07.8441851Z</receivedTime>
  <startTime>2025-08-03T21:05:09.1801363Z</startTime>
  <endTime>2025-08-03T21:07:39.2350125Z</endTime>
  <complete>True</complete>
  <is_temp>False</is_temp>
  <is_readonly>True</is_readonly>
  <buildSummary />
</deployment>