<step title="Incoming Request" date="2025-08-03T22:02:43.343" instance="e2467e" url="/api/publish?type=zip" method="POST" type="request" pid="767,1,5" Accept="*/*" Host="white-label-chat-km-cxhkhjd0aecsf9ah.scm.centralus-01.azurewebsites.net" User-Agent="AZURECLI/2.75.0 (MSI)" Accept-Encoding="gzip, deflate" Authorization="Bas..." Cache-Control="no-cache" Content-Type="application/octet-stream" Cookie="ARRAffinity=e2467e47d35990645d1677416288076d773dc49712609e83213855e07b4fc62f; ARRAffinitySameSite=e2467e47d35990645d1677416288076d773dc49712609e83213855e07b4fc62f" Content-Length="5982186" x-ms-client-request-id="8027ebbb-70b5-11f0-851d-9c67d682987a" x-ms-artifact-checksum="86e050bb4df296675166326439f8d5a375026268a14a51304e8a24a08493d1cd" X-ARR-LOG-ID="8027ebbb-70b5-11f0-851d-9c67d682987a" CLIENT-IP="167.248.114.72:58617" X-SITE-DEPLOYMENT-ID="white-label-chat-km" WAS-DEFAULT-HOSTNAME="white-label-chat-km-cxhkhjd0aecsf9ah.scm.centralus-01.azurewebsites.net" X-Forwarded-Proto="https" X-AppService-Proto="https" X-Forwarded-TlsVersion="1.3" X-WAWS-Unencoded-URL="/api/publish?type=zip" X-Client-IP="167.248.114.72" X-Client-Port="58617" >
  <step title="OneDeploy" date="2025-08-03T22:02:43.579" >
    <step title="None repository commit" date="2025-08-03T22:02:43.611" >
      <step title="Commit id: 537169b7-b944-43dd-b124-85946a1d9dcf" date="2025-08-03T22:02:43.620" Message="N/A" AuthorName="N/A" AuthorEmail="N/A" /><!-- duration: 9ms -->
    </step><!-- duration: 26ms -->
    <step title="Starting PushDeployAsync" date="2025-08-03T22:02:43.647" /><!-- duration: 60ms -->
    <step title="Writing artifact to /tmp/zipdeploy/6a23070a-b610-4f67-9918-d81b001b6605.zip" date="2025-08-03T22:02:43.822" >
      <step title="Writing multipart request body to /tmp/zipdeploy/6a23070a-b610-4f67-9918-d81b001b6605.zip" date="2025-08-03T22:02:43.842" /><!-- duration: 9ms -->
    </step><!-- duration: 270ms -->
    <step title="Removing previous build artifact&apos;s manifest file" date="2025-08-03T22:02:44.103" >
      <step title="Attempting to fetch target branch HEAD" date="2025-08-03T22:02:44.133" /><!-- duration: 4ms -->
      <step title="Acquiring Deployment Lock" date="2025-08-03T22:02:44.141" /><!-- duration: 3ms -->
      <step title="Acquired Deployment Lock" date="2025-08-03T22:02:44.195" /><!-- duration: 3ms -->
      <step title="Performing fetch based deployment" date="2025-08-03T22:02:44.208" >
        <step title="Creating temporary deployment" date="2025-08-03T22:02:44.220" /><!-- duration: 56ms -->
        <step title="Releasing Deployment Lock" date="2025-08-03T22:02:45.487" /><!-- duration: 6ms -->
        <step title="Cleaning up temp folders from previous zip deployments and extracting pushed zip file /tmp/zipdeploy/6a23070a-b610-4f67-9918-d81b001b6605.zip (5.71 MB) to /tmp/zipdeploy/extracted" date="2025-08-03T22:02:45.577" >
          <step title="ChmodRecursive Process exited with total time taken in ms: 143" date="2025-08-03T22:02:46.380" /><!-- duration: 17ms -->
        </step><!-- duration: 838ms -->
        <step title="None repository commit" date="2025-08-03T22:02:46.426" >
          <step title="Commit id: 537169b7-b944-43dd-b124-85946a1d9dcf" date="2025-08-03T22:02:46.437" Message="OneDeploy" AuthorName="N/A" AuthorEmail="N/A" /><!-- duration: 9ms -->
        </step><!-- duration: 25ms -->
        <step title="Deployment timer started" date="2025-08-03T22:02:48.458" >
          <step title="DeploymentManager.Deploy(id:537169b7-b944-43dd-b124-85946a1d9dcf)" date="2025-08-03T22:02:48.466" >
            <step title="Collecting changeset information" date="2025-08-03T22:02:48.506" /><!-- duration: 96ms -->
            <step title="Updating submodules" date="2025-08-03T22:02:48.611" /><!-- duration: 1161ms -->
            <step title="Determining deployment builder" date="2025-08-03T22:02:49.988" >
              <step title="Builder is OryxBuilder" date="2025-08-03T22:02:50.011" /><!-- duration: 4ms -->
            </step><!-- duration: 32ms -->
            <step title="PreDeployment: context.CleanOutputPath False" date="2025-08-03T22:02:50.076" >
              <step title="PreDeployment: context.OutputPath /home/site/wwwroot" date="2025-08-03T22:02:50.271" >
                <step title="Building" date="2025-08-03T22:02:50.419" >
                  <step title="Executing external process" date="2025-08-03T22:02:50.926" type="process" path="bash" arguments="-c &quot;oryx build /tmp/zipdeploy/extracted -o /home/site/wwwroot --platform python --platform-version 3.11 -p virtualenv_name=antenv --log-file /tmp/build-debug.log  -i /tmp/8ddd2d97cd09734 --compress-destination-dir | tee /tmp/oryx-build.log ; exit $PIPESTATUS &quot;" /><!-- duration: 145945ms -->
                  <step title="Using PythonDeploymentLogParser" date="2025-08-03T22:05:17.360" /><!-- duration: 4ms -->
                  <step title="Modified file to trigger a restart of the app container." date="2025-08-03T22:05:18.591" /><!-- duration: 14ms -->
                  <step title="Skip function trigger and logicapp sync because function is not enabled." date="2025-08-03T22:05:18.654" /><!-- duration: 5ms -->
                </step><!-- duration: 149196ms -->
              </step><!-- duration: 149353ms -->
              <step title="Cleaning up temp files" date="2025-08-03T22:05:19.629" /><!-- duration: 932ms -->
              <step title="Cleaning up temp files" date="2025-08-03T22:05:20.573" /><!-- duration: 561ms -->
              <step title="Reloading status file with latest updates" date="2025-08-03T22:05:21.167" >
                <step title="WebHooksManager.PublishEventAsync: PostDeployment" date="2025-08-03T22:05:21.178" /><!-- duration: 186ms -->
              </step><!-- duration: 203ms -->
              <step title="Cleaning up temporary deployment - fetch deployment was successful" date="2025-08-03T22:05:21.388" /><!-- duration: 4ms -->
            </step><!-- duration: 151364ms -->
          </step><!-- duration: 152999ms -->
          <step title="Outgoing response" date="2025-08-03T22:05:21.511" type="response" statusCode="200" statusText="OK" /><!-- duration: 4ms -->
        </step><!-- duration: 153061ms -->
