<step title="Incoming Request" date="2025-08-03T20:53:57.533" instance="e2467e" url="/api/zipdeploy?isAsync=true" method="POST" type="request" pid="772,1,56" Accept="*/*" Host="white-label-chat-km-cxhkhjd0aecsf9ah.scm.centralus-01.azurewebsites.net" User-Agent="AZURECLI/2.75.0 (MSI)" Accept-Encoding="gzip, deflate" Authorization="Bas..." Cache-Control="no-cache" Content-Type="application/octet-stream" Cookie="ARRAffinity=e2467e47d35990645d1677416288076d773dc49712609e83213855e07b4fc62f; ARRAffinitySameSite=e2467e47d35990645d1677416288076d773dc49712609e83213855e07b4fc62f" Content-Length="5999429" x-ms-client-request-id="f438cee8-70ab-11f0-a23e-9c67d682987a" x-ms-artifact-checksum="e51e98b9c18684b27790919d84f66d48154b84a37156c77441a7536f10c6fd14" X-ARR-LOG-ID="f438cee8-70ab-11f0-a23e-9c67d682987a" CLIENT-IP="167.248.114.72:54547" X-SITE-DEPLOYMENT-ID="white-label-chat-km" WAS-DEFAULT-HOSTNAME="white-label-chat-km-cxhkhjd0aecsf9ah.scm.centralus-01.azurewebsites.net" X-Forwarded-Proto="https" X-AppService-Proto="https" X-Forwarded-TlsVersion="1.3" X-WAWS-Unencoded-URL="/api/zipdeploy?isAsync=true" X-Client-IP="167.248.114.72" X-Client-Port="54547" >
  <step title="ZipPushDeploy" date="2025-08-03T20:53:57.634" >
    <step title="ZipDeploy. Extract zip. Remote build." date="2025-08-03T20:53:57.662" /><!-- duration: 8ms -->
    <step title="Starting PushDeployAsync" date="2025-08-03T20:53:57.686" /><!-- duration: 3ms -->
    <step title="Writing artifact to /tmp/zipdeploy/c2708c69-aac9-4536-9226-f08a1fe32c76.zip" date="2025-08-03T20:53:57.703" >
      <step title="Writing multipart request body to /tmp/zipdeploy/c2708c69-aac9-4536-9226-f08a1fe32c76.zip" date="2025-08-03T20:53:57.711" /><!-- duration: 8ms -->
    </step><!-- duration: 243ms -->
    <step title="Removing previous build artifact&apos;s manifest file" date="2025-08-03T20:53:57.962" >
      <step title="Start deployment in the background" date="2025-08-03T20:53:57.987" >
        <step title="Acquiring Deployment Lock" date="2025-08-03T20:53:58.028" /><!-- duration: 3ms -->
        <step title="Acquired Deployment Lock" date="2025-08-03T20:53:58.069" /><!-- duration: 3ms -->
      </step><!-- duration: 174ms -->
    </step><!-- duration: 209ms -->
    <step title="Outgoing response" date="2025-08-03T20:53:58.173" type="response" statusCode="202" statusText="Accepted" /><!-- duration: 2ms -->
  </step><!-- duration: 545ms -->
