<step title="Incoming Request" date="2025-08-03T20:48:59.016" instance="e2467e" url="/api/zipdeploy?isAsync=true" method="POST" type="request" pid="772,1,67" Accept="*/*" Host="white-label-chat-km-cxhkhjd0aecsf9ah.scm.centralus-01.azurewebsites.net" User-Agent="AZURECLI/2.75.0 (MSI)" Accept-Encoding="gzip, deflate" Authorization="Bas..." Cache-Control="no-cache" Content-Type="application/octet-stream" Cookie="ARRAffinity=e2467e47d35990645d1677416288076d773dc49712609e83213855e07b4fc62f; ARRAffinitySameSite=e2467e47d35990645d1677416288076d773dc49712609e83213855e07b4fc62f" Content-Length="11779" x-ms-client-request-id="3fbcc127-70ab-11f0-a00a-9c67d682987a" x-ms-artifact-checksum="fadc14d50930912e14d8d693752e63f0c8ae45870627b218a329eb7b5d815ff5" X-ARR-LOG-ID="3fbcc127-70ab-11f0-a00a-9c67d682987a" CLIENT-IP="167.248.114.72:54169" X-SITE-DEPLOYMENT-ID="white-label-chat-km" WAS-DEFAULT-HOSTNAME="white-label-chat-km-cxhkhjd0aecsf9ah.scm.centralus-01.azurewebsites.net" X-Forwarded-Proto="https" X-AppService-Proto="https" X-Forwarded-TlsVersion="1.3" X-WAWS-Unencoded-URL="/api/zipdeploy?isAsync=true" X-Client-IP="167.248.114.72" X-Client-Port="54169" >
  <step title="ZipPushDeploy" date="2025-08-03T20:48:59.135" >
    <step title="ZipDeploy. Extract zip. Remote build." date="2025-08-03T20:48:59.148" /><!-- duration: 2ms -->
    <step title="None repository commit" date="2025-08-03T20:48:59.165" >
      <step title="Commit id: 1d9adfb6-5293-413f-b458-830b69bc16ed" date="2025-08-03T20:48:59.170" Message="N/A" AuthorName="N/A" AuthorEmail="N/A" /><!-- duration: 5ms -->
    </step><!-- duration: 14ms -->
    <step title="Starting PushDeployAsync" date="2025-08-03T20:48:59.183" /><!-- duration: 2ms -->
    <step title="Writing artifact to /tmp/zipdeploy/6f88a713-4269-48fe-a082-f7bcef054a62.zip" date="2025-08-03T20:48:59.245" >
      <step title="Writing multipart request body to /tmp/zipdeploy/6f88a713-4269-48fe-a082-f7bcef054a62.zip" date="2025-08-03T20:48:59.250" /><!-- duration: 6ms -->
    </step><!-- duration: 148ms -->
    <step title="Start deployment in the background" date="2025-08-03T20:48:59.405" >
      <step title="Acquiring Deployment Lock" date="2025-08-03T20:48:59.449" /><!-- duration: 3ms -->
      <step title="Acquired Deployment Lock" date="2025-08-03T20:48:59.543" /><!-- duration: 5ms -->
    </step><!-- duration: 339ms -->
  </step><!-- duration: 626ms -->
  <step title="Outgoing response" date="2025-08-03T20:48:59.779" type="response" statusCode="202" statusText="Accepted" /><!-- duration: 8ms -->
</step><!-- duration: 775ms -->
