<step title="Incoming Request" date="2025-08-03T22:17:31.795" instance="e2467e" url="/api/publish?type=zip" method="POST" type="request" pid="767,1,20" Accept="*/*" Host="white-label-chat-km-cxhkhjd0aecsf9ah.scm.centralus-01.azurewebsites.net" User-Agent="AZURECLI/2.75.0 (MSI)" Accept-Encoding="gzip, deflate" Authorization="Bas..." Cache-Control="no-cache" Content-Type="application/octet-stream" Cookie="ARRAffinity=e2467e47d35990645d1677416288076d773dc49712609e83213855e07b4fc62f; ARRAffinitySameSite=e2467e47d35990645d1677416288076d773dc49712609e83213855e07b4fc62f" Content-Length="5992627" x-ms-client-request-id="a05f5e2b-70b7-11f0-a8de-9c67d682987a" x-ms-artifact-checksum="9b528510c349d23dd62eb45493528b5c65f8eec24054c47a2be16c898fc1de49" X-ARR-LOG-ID="a05f5e2b-70b7-11f0-a8de-9c67d682987a" CLIENT-IP="167.248.114.72:59331" X-SITE-DEPLOYMENT-ID="white-label-chat-km" WAS-DEFAULT-HOSTNAME="white-label-chat-km-cxhkhjd0aecsf9ah.scm.centralus-01.azurewebsites.net" X-Forwarded-Proto="https" X-AppService-Proto="https" X-Forwarded-TlsVersion="1.3" X-WAWS-Unencoded-URL="/api/publish?type=zip" X-Client-IP="167.248.114.72" X-Client-Port="59331" >
  <step title="OneDeploy" date="2025-08-03T22:17:31.817" >
    <step title="Starting PushDeployAsync" date="2025-08-03T22:17:31.827" /><!-- duration: 4ms -->
    <step title="Writing artifact to /tmp/zipdeploy/dfd9b979-9a38-4dcb-a84a-1f3614a9cc27.zip" date="2025-08-03T22:17:31.852" >
      <step title="Writing multipart request body to /tmp/zipdeploy/dfd9b979-9a38-4dcb-a84a-1f3614a9cc27.zip" date="2025-08-03T22:17:31.856" /><!-- duration: 13ms -->
    </step><!-- duration: 553ms -->
    <step title="Removing previous build artifact&apos;s manifest file" date="2025-08-03T22:17:32.426" >
      <step title="Attempting to fetch target branch HEAD" date="2025-08-03T22:17:32.486" /><!-- duration: 8ms -->
      <step title="Acquiring Deployment Lock" date="2025-08-03T22:17:32.512" /><!-- duration: 100ms -->
      <step title="Acquired Deployment Lock" date="2025-08-03T22:17:32.659" /><!-- duration: 9ms -->
      <step title="Performing fetch based deployment" date="2025-08-03T22:17:32.690" >
        <step title="Creating temporary deployment" date="2025-08-03T22:17:32.699" /><!-- duration: 203ms -->
        <step title="Releasing Deployment Lock" date="2025-08-03T22:17:34.239" /><!-- duration: 18ms -->
        <step title="Cleaning up temp folders from previous zip deployments and extracting pushed zip file /tmp/zipdeploy/dfd9b979-9a38-4dcb-a84a-1f3614a9cc27.zip (5.72 MB) to /tmp/zipdeploy/extracted" date="2025-08-03T22:17:34.334" >
          <step title="ChmodRecursive Process exited with total time taken in ms: 135" date="2025-08-03T22:17:35.888" /><!-- duration: 19ms -->
        </step><!-- duration: 1577ms -->
        <step title="None repository commit" date="2025-08-03T22:17:35.917" >
          <step title="Commit id: 4555896a-4c51-4e67-9a01-1ece2bc03e59" date="2025-08-03T22:17:35.926" Message="OneDeploy" AuthorName="N/A" AuthorEmail="N/A" /><!-- duration: 11ms -->
        </step><!-- duration: 23ms -->
        <step title="Deployment timer started" date="2025-08-03T22:17:37.947" >
          <step title="DeploymentManager.Deploy(id:4555896a-4c51-4e67-9a01-1ece2bc03e59)" date="2025-08-03T22:17:37.952" >
            <step title="Collecting changeset information" date="2025-08-03T22:17:37.988" /><!-- duration: 83ms -->
            <step title="Updating submodules" date="2025-08-03T22:17:38.083" /><!-- duration: 1125ms -->
            <step title="Determining deployment builder" date="2025-08-03T22:17:39.409" >
              <step title="Builder is OryxBuilder" date="2025-08-03T22:17:39.431" /><!-- duration: 4ms -->
            </step><!-- duration: 33ms -->
            <step title="PreDeployment: context.CleanOutputPath False" date="2025-08-03T22:17:39.487" >
              <step title="PreDeployment: context.OutputPath /home/site/wwwroot" date="2025-08-03T22:17:39.617" >
                <step title="Building" date="2025-08-03T22:17:39.738" >
                  <step title="Executing external process" date="2025-08-03T22:17:40.064" type="process" path="bash" arguments="-c &quot;oryx build /tmp/zipdeploy/extracted -o /home/site/wwwroot --platform python --platform-version 3.11 -p virtualenv_name=antenv --log-file /tmp/build-debug.log  -i /tmp/8ddd2db8ef3c483 --compress-destination-dir | tee /tmp/oryx-build.log ; exit $PIPESTATUS &quot;" /><!-- duration: 111448ms -->
                  <step title="Using PythonDeploymentLogParser" date="2025-08-03T22:19:31.964" /><!-- duration: 10ms -->
                  <step title="Modified file to trigger a restart of the app container." date="2025-08-03T22:19:33.308" /><!-- duration: 11ms -->
                  <step title="Skip function trigger and logicapp sync because function is not enabled." date="2025-08-03T22:19:33.360" /><!-- duration: 9ms -->
                </step><!-- duration: 115709ms -->
              </step><!-- duration: 115862ms -->
              <step title="Cleaning up temp files" date="2025-08-03T22:19:35.498" /><!-- duration: 1281ms -->
              <step title="Cleaning up temp files" date="2025-08-03T22:19:36.790" /><!-- duration: 520ms -->
              <step title="Reloading status file with latest updates" date="2025-08-03T22:19:37.343" >
                <step title="WebHooksManager.PublishEventAsync: PostDeployment" date="2025-08-03T22:19:37.348" /><!-- duration: 56ms -->
              </step><!-- duration: 72ms -->
              <step title="Cleaning up temporary deployment - fetch deployment was successful" date="2025-08-03T22:19:37.427" /><!-- duration: 4ms -->
            </step><!-- duration: 117989ms -->
          </step><!-- duration: 119532ms -->
          <step title="Outgoing response" date="2025-08-03T22:19:37.511" type="response" statusCode="200" statusText="OK" /><!-- duration: 6ms -->
        </step><!-- duration: 119574ms -->
