<step title="Incoming Request" date="2025-08-03T21:25:40.307" instance="e2467e" url="/api/publish?type=zip" method="POST" type="request" pid="767,1,25" Accept="*/*" Host="white-label-chat-km-cxhkhjd0aecsf9ah.scm.centralus-01.azurewebsites.net" User-Agent="AZURECLI/2.75.0 (MSI)" Accept-Encoding="gzip, deflate" Authorization="Bas..." Cache-Control="no-cache" Content-Type="application/octet-stream" Cookie="ARRAffinity=e2467e47d35990645d1677416288076d773dc49712609e83213855e07b4fc62f; ARRAffinitySameSite=e2467e47d35990645d1677416288076d773dc49712609e83213855e07b4fc62f" Content-Length="6011478" x-ms-client-request-id="5f6e0c1e-70b0-11f0-a271-9c67d682987a" x-ms-artifact-checksum="c015f816a22702f2fa0dd5e9363b7faba5a18f9f33565bb998815517ea712efa" X-ARR-LOG-ID="5f6e0c1e-70b0-11f0-a271-9c67d682987a" CLIENT-IP="167.248.114.72:56549" X-SITE-DEPLOYMENT-ID="white-label-chat-km" WAS-DEFAULT-HOSTNAME="white-label-chat-km-cxhkhjd0aecsf9ah.scm.centralus-01.azurewebsites.net" X-Forwarded-Proto="https" X-AppService-Proto="https" X-Forwarded-TlsVersion="1.3" X-WAWS-Unencoded-URL="/api/publish?type=zip" X-Client-IP="167.248.114.72" X-Client-Port="56549" >
  <step title="Cleanup Xml Logs" date="2025-08-03T21:25:40.318" /><!-- duration: 56ms -->
  <step title="OneDeploy" date="2025-08-03T21:25:40.510" >
    <step title="Starting PushDeployAsync" date="2025-08-03T21:25:40.794" /><!-- duration: 10ms -->
    <step title="Writing artifact to /tmp/zipdeploy/8e576919-a151-4cf6-86a8-52b5185566d9.zip" date="2025-08-03T21:25:40.952" >
      <step title="Writing multipart request body to /tmp/zipdeploy/8e576919-a151-4cf6-86a8-52b5185566d9.zip" date="2025-08-03T21:25:41.003" /><!-- duration: 20ms -->
    </step><!-- duration: 2559ms -->
    <step title="Removing previous build artifact&apos;s manifest file" date="2025-08-03T21:25:43.667" >
      <step title="Attempting to fetch target branch HEAD" date="2025-08-03T21:25:43.813" /><!-- duration: 29ms -->
      <step title="Acquiring Deployment Lock" date="2025-08-03T21:25:43.860" /><!-- duration: 71ms -->
      <step title="Acquired Deployment Lock" date="2025-08-03T21:25:44.126" /><!-- duration: 39ms -->
      <step title="Performing fetch based deployment" date="2025-08-03T21:25:44.242" >
        <step title="Creating temporary deployment" date="2025-08-03T21:25:44.369" /><!-- duration: 422ms -->
        <step title="Releasing Deployment Lock" date="2025-08-03T21:25:46.297" /><!-- duration: 28ms -->
        <step title="Cleaning up temp folders from previous zip deployments and extracting pushed zip file /tmp/zipdeploy/8e576919-a151-4cf6-86a8-52b5185566d9.zip (5.73 MB) to /tmp/zipdeploy/extracted" date="2025-08-03T21:25:46.415" >
          <step title="ChmodRecursive Process exited with total time taken in ms: 421" date="2025-08-03T21:25:48.540" /><!-- duration: 26ms -->
        </step><!-- duration: 2161ms -->
        <step title="None repository commit" date="2025-08-03T21:25:48.598" >
          <step title="Commit id: c36a6adf-677d-4a33-bae0-71806db508f1" date="2025-08-03T21:25:48.606" Message="OneDeploy" AuthorName="N/A" AuthorEmail="N/A" /><!-- duration: 20ms -->
        </step><!-- duration: 39ms -->
        <step title="Deployment timer started" date="2025-08-03T21:25:50.665" >
          <step title="DeploymentManager.Deploy(id:c36a6adf-677d-4a33-bae0-71806db508f1)" date="2025-08-03T21:25:50.714" >
            <step title="Collecting changeset information" date="2025-08-03T21:25:50.799" /><!-- duration: 177ms -->
            <step title="Updating submodules" date="2025-08-03T21:25:50.996" /><!-- duration: 1272ms -->
            <step title="Determining deployment builder" date="2025-08-03T21:25:52.626" >
              <step title="Builder is OryxBuilder" date="2025-08-03T21:25:52.696" /><!-- duration: 9ms -->
            </step><!-- duration: 99ms -->
            <step title="PreDeployment: context.CleanOutputPath False" date="2025-08-03T21:25:52.867" >
              <step title="PreDeployment: context.OutputPath /home/site/wwwroot" date="2025-08-03T21:25:53.091" >
                <step title="Building" date="2025-08-03T21:25:53.394" >
                  <step title="Executing external process" date="2025-08-03T21:25:53.836" type="process" path="bash" arguments="-c &quot;oryx build /tmp/zipdeploy/extracted -o /home/site/wwwroot --platform python --platform-version 3.11 -p virtualenv_name=antenv --log-file /tmp/build-debug.log  -i /tmp/8ddd2d45337c610 --compress-destination-dir | tee /tmp/oryx-build.log ; exit $PIPESTATUS &quot;" /><!-- duration: 128256ms -->
                  <step title="Using PythonDeploymentLogParser" date="2025-08-03T21:28:02.850" /><!-- duration: 10ms -->
                  <step title="Modified file to trigger a restart of the app container." date="2025-08-03T21:28:04.522" /><!-- duration: 6ms -->
                  <step title="Skip function trigger and logicapp sync because function is not enabled." date="2025-08-03T21:28:04.534" /><!-- duration: 6ms -->
                </step><!-- duration: 131923ms -->
              </step><!-- duration: 132233ms -->
              <step title="Cleaning up temp files" date="2025-08-03T21:28:05.327" /><!-- duration: 901ms -->
              <step title="Cleaning up temp files" date="2025-08-03T21:28:06.239" /><!-- duration: 531ms -->
              <step title="Reloading status file with latest updates" date="2025-08-03T21:28:06.809" >
                <step title="WebHooksManager.PublishEventAsync: PostDeployment" date="2025-08-03T21:28:06.818" /><!-- duration: 32ms -->
              </step><!-- duration: 46ms -->
              <step title="Cleaning up temporary deployment - fetch deployment was successful" date="2025-08-03T21:28:06.866" /><!-- duration: 3ms -->
            </step><!-- duration: 134052ms -->
          </step><!-- duration: 136210ms -->
          <step title="Outgoing response" date="2025-08-03T21:28:06.943" type="response" statusCode="200" statusText="OK" /><!-- duration: 4ms -->
        </step><!-- duration: 136285ms -->
