﻿<?xml version="1.0" encoding="utf-8"?>
<deployment>
  <id>537169b7-b944-43dd-b124-85946a1d9dcf</id>
  <author>N/A</author>
  <deployer>OneDeploy</deployer>
  <authorEmail>N/A</authorEmail>
  <message>OneDeploy</message>
  <progress></progress>
  <status>Success</status>
  <statusText></statusText>
  <lastSuccessEndTime>2025-08-03T22:05:19.0387364Z</lastSuccessEndTime>
  <receivedTime>2025-08-03T22:02:48.533344Z</receivedTime>
  <startTime>2025-08-03T22:02:49.9253719Z</startTime>
  <endTime>2025-08-03T22:05:19.0387364Z</endTime>
  <complete>True</complete>
  <is_temp>False</is_temp>
  <is_readonly>True</is_readonly>
  <buildSummary />
</deployment>