﻿<?xml version="1.0" encoding="utf-8"?>
<deployment>
  <id>6125f597-df55-4ede-8e3c-459f34bc88f0</id>
  <author>N/A</author>
  <deployer>OneDeploy</deployer>
  <authorEmail>N/A</authorEmail>
  <message>OneDeploy</message>
  <progress></progress>
  <status>Success</status>
  <statusText></statusText>
  <lastSuccessEndTime>2025-08-04T19:29:57.1485641Z</lastSuccessEndTime>
  <receivedTime>2025-08-04T19:27:04.5687782Z</receivedTime>
  <startTime>2025-08-04T19:27:06.1473518Z</startTime>
  <endTime>2025-08-04T19:29:57.1485641Z</endTime>
  <complete>True</complete>
  <is_temp>False</is_temp>
  <is_readonly>True</is_readonly>
  <buildSummary />
</deployment>