﻿<?xml version="1.0" encoding="utf-8"?>
<deployment>
  <id>1d9adfb6-5293-413f-b458-830b69bc16ed</id>
  <author>N/A</author>
  <deployer>Push-Deployer</deployer>
  <authorEmail>N/A</authorEmail>
  <message>Created via a push deployment</message>
  <progress></progress>
  <status>Success</status>
  <statusText></statusText>
  <lastSuccessEndTime>2025-08-03T20:50:24.0972249Z</lastSuccessEndTime>
  <receivedTime>2025-08-03T20:49:03.6869561Z</receivedTime>
  <startTime>2025-08-03T20:49:05.3570428Z</startTime>
  <endTime>2025-08-03T20:50:24.0972249Z</endTime>
  <complete>True</complete>
  <is_temp>False</is_temp>
  <is_readonly>True</is_readonly>
  <buildSummary />
</deployment>