<step title="BackgroundTrace" date="2025-08-04T22:14:49.033" instance="6db5fe" url="/api/zipdeploy" method="POST" >
  <step title="Creating temporary deployment - FetchDeploymentManager" date="2025-08-04T22:14:49.127" /><!-- duration: 3ms -->
  <step title="Creating temporary deployment" date="2025-08-04T22:14:49.133" /><!-- duration: 81ms -->
  <step title="Performing fetch based deployment" date="2025-08-04T22:14:49.251" >
    <step title="Cleaning up temp folders from previous zip deployments and extracting pushed zip file /tmp/zipdeploy/49be4360-5c3c-4618-8dfc-4e8b472e53a6.zip (0.05 MB) to /tmp/zipdeploy/extracted" date="2025-08-04T22:14:50.438" >
      <step title="ChmodRecursive Process exited with total time taken in ms: 130" date="2025-08-04T22:14:50.700" /><!-- duration: 20ms -->
    </step><!-- duration: 294ms -->
    <step title="Deployment timer started" date="2025-08-04T22:14:52.782" >
      <step title="DeploymentManager.Deploy(id:78293dcb-d0c2-4192-afb4-0a26c6deb10e)" date="2025-08-04T22:14:52.796" >
        <step title="Collecting changeset information" date="2025-08-04T22:14:52.838" /><!-- duration: 155ms -->
        <step title="Updating submodules" date="2025-08-04T22:14:52.999" /><!-- duration: 1154ms -->
        <step title="Determining deployment builder" date="2025-08-04T22:14:54.393" >
          <step title="Builder is OryxBuilder" date="2025-08-04T22:14:54.432" /><!-- duration: 3ms -->
        </step><!-- duration: 60ms -->
        <step title="PreDeployment: context.CleanOutputPath False" date="2025-08-04T22:14:55.395" >
          <step title="PreDeployment: context.OutputPath /home/site/wwwroot" date="2025-08-04T22:14:55.602" >
            <step title="Building" date="2025-08-04T22:14:55.878" >
              <step title="Executing external process" date="2025-08-04T22:14:56.308" type="process" path="bash" arguments="-c &quot;oryx build /tmp/zipdeploy/extracted -o /home/site/wwwroot --platform python --platform-version 3.11 -p virtualenv_name=antenv --log-file /tmp/build-debug.log  -i /tmp/8ddd3a4570c9d4b --compress-destination-dir | tee /tmp/oryx-build.log ; exit $PIPESTATUS &quot;" >
                <step title="Cpu: gzip(2100,20.980s)+sh(2099,0.000s)+tar(2098,0.850s)+build.sh(1973,0.080s)+oryx(1953,6.410s)+tee(1954,0.010s)+bash(1952,0.000s)=total(28.320s)" date="2025-08-04T22:17:40.343" /><!-- duration: 79ms -->
                <step title="bash: no io activity for 60s, prev-cpu=-1.000s, current-cpu=28.320s" date="2025-08-04T22:17:40.534" /><!-- duration: 80ms -->
              </step><!-- duration: 176707ms -->
              <step title="Using PythonDeploymentLogParser" date="2025-08-04T22:17:53.398" /><!-- duration: 10ms -->
              <step title="Triggering recycle (preview mode disabled)." date="2025-08-04T22:17:54.622" /><!-- duration: 10ms -->
              <step title="Modified file to trigger a restart of the app container." date="2025-08-04T22:17:54.709" /><!-- duration: 3ms -->
              <step title="Skip function trigger and logicapp sync because function is not enabled." date="2025-08-04T22:17:54.721" /><!-- duration: 9ms -->
              <step title="Purge deployment items" date="2025-08-04T22:17:55.936" >
                <step title="Remove 6f7e4ddd-, Success, received at 08/04/2025 19:40:40" date="2025-08-04T22:17:55.996" /><!-- duration: 3ms -->
              </step><!-- duration: 70ms -->
            </step><!-- duration: 180205ms -->
          </step><!-- duration: 180501ms -->
          <step title="Cleaning up temp files" date="2025-08-04T22:17:56.110" /><!-- duration: 1389ms -->
          <step title="Cleaning up temp files" date="2025-08-04T22:17:57.521" /><!-- duration: 525ms -->
          <step title="Reloading status file with latest updates" date="2025-08-04T22:17:58.139" >
            <step title="WebHooksManager.PublishEventAsync: PostDeployment" date="2025-08-04T22:17:58.308" /><!-- duration: 153ms -->
          </step><!-- duration: 332ms -->
          <step title="Cleaning up temporary deployment - fetch deployment was successful" date="2025-08-04T22:17:58.491" /><!-- duration: 11ms -->
        </step><!-- duration: 183218ms -->
      </step><!-- duration: 185917ms -->
