<step title="Incoming Request" date="2025-08-04T19:26:59.917" instance="6db5fe" url="/api/publish?type=zip&amp;restart=True" method="POST" type="request" pid="782,1,36" Accept="*/*" Host="pharmassist-enterprise.scm.azurewebsites.net" User-Agent="AZURECLI/2.75.0 (MSI)" Accept-Encoding="gzip, deflate" Authorization="Bas..." Cache-Control="no-cache" Content-Type="application/octet-stream" Cookie="ARRAffinity=6db5fe3709d4444b9c04907ca05f920ef31de709c6d20b04e0a56f99d39a3800; ARRAffinitySameSite=6db5fe3709d4444b9c04907ca05f920ef31de709c6d20b04e0a56f99d39a3800" Content-Length="42595" x-ms-client-request-id="f7f36c77-7168-11f0-aee6-9c67d682987a" x-ms-artifact-checksum="6a13abc439c2930274113b8118898d86b8ecf890a096ba4ece08b612931eedeb" X-ARR-LOG-ID="f7f36c77-7168-11f0-aee6-9c67d682987a" CLIENT-IP="167.248.114.72:55405" X-SITE-DEPLOYMENT-ID="pharmassist-enterprise" WAS-DEFAULT-HOSTNAME="pharmassist-enterprise.scm.azurewebsites.net" X-Forwarded-Proto="https" X-AppService-Proto="https" X-Forwarded-TlsVersion="1.3" X-WAWS-Unencoded-URL="/api/publish?type=zip&amp;restart=True" X-Client-IP="167.248.114.72" X-Client-Port="55405" >
  <step title="OneDeploy" date="2025-08-04T19:26:59.943" >
    <step title="Starting PushDeployAsync" date="2025-08-04T19:26:59.960" /><!-- duration: 2ms -->
    <step title="Writing artifact to /tmp/zipdeploy/b2e5baa1-2875-49ff-9acd-cd354e9e1dd2.zip" date="2025-08-04T19:26:59.972" >
      <step title="Writing multipart request body to /tmp/zipdeploy/b2e5baa1-2875-49ff-9acd-cd354e9e1dd2.zip" date="2025-08-04T19:26:59.983" /><!-- duration: 10ms -->
    </step><!-- duration: 110ms -->
    <step title="Removing previous build artifact&apos;s manifest file" date="2025-08-04T19:27:00.092" >
      <step title="Attempting to fetch target branch HEAD" date="2025-08-04T19:27:00.103" /><!-- duration: 2ms -->
      <step title="Acquiring Deployment Lock" date="2025-08-04T19:27:00.108" /><!-- duration: 3ms -->
      <step title="Acquired Deployment Lock" date="2025-08-04T19:27:00.169" /><!-- duration: 3ms -->
      <step title="Performing fetch based deployment" date="2025-08-04T19:27:00.215" >
        <step title="Creating temporary deployment" date="2025-08-04T19:27:00.222" /><!-- duration: 75ms -->
        <step title="Releasing Deployment Lock" date="2025-08-04T19:27:01.560" /><!-- duration: 29ms -->
        <step title="Cleaning up temp folders from previous zip deployments and extracting pushed zip file /tmp/zipdeploy/b2e5baa1-2875-49ff-9acd-cd354e9e1dd2.zip (0.04 MB) to /tmp/zipdeploy/extracted" date="2025-08-04T19:27:01.712" >
          <step title="ChmodRecursive Process exited with total time taken in ms: 203" date="2025-08-04T19:27:02.054" /><!-- duration: 9ms -->
        </step><!-- duration: 369ms -->
        <step title="None repository commit" date="2025-08-04T19:27:02.104" >
          <step title="Commit id: 6125f597-df55-4ede-8e3c-459f34bc88f0" date="2025-08-04T19:27:02.172" Message="OneDeploy" AuthorName="N/A" AuthorEmail="N/A" /><!-- duration: 13ms -->
        </step><!-- duration: 98ms -->
        <step title="Deployment timer started" date="2025-08-04T19:27:04.280" >
          <step title="DeploymentManager.Deploy(id:6125f597-df55-4ede-8e3c-459f34bc88f0)" date="2025-08-04T19:27:04.320" >
            <step title="Collecting changeset information" date="2025-08-04T19:27:04.457" /><!-- duration: 221ms -->
            <step title="Updating submodules" date="2025-08-04T19:27:04.699" /><!-- duration: 1191ms -->
            <step title="Determining deployment builder" date="2025-08-04T19:27:06.256" >
              <step title="Builder is OryxBuilder" date="2025-08-04T19:27:06.367" /><!-- duration: 4ms -->
            </step><!-- duration: 152ms -->
            <step title="PreDeployment: context.CleanOutputPath False" date="2025-08-04T19:27:06.537" >
              <step title="PreDeployment: context.OutputPath /home/site/wwwroot" date="2025-08-04T19:27:06.699" >
                <step title="Building" date="2025-08-04T19:27:06.901" >
                  <step title="Executing external process" date="2025-08-04T19:27:07.375" type="process" path="bash" arguments="-c &quot;oryx build /tmp/zipdeploy/extracted -o /home/site/wwwroot --platform python --platform-version 3.11 -p virtualenv_name=antenv --log-file /tmp/build-debug.log  -i /tmp/8ddd38ce60747de --compress-destination-dir | tee /tmp/oryx-build.log ; exit $PIPESTATUS &quot;" /><!-- duration: 167275ms -->
                  <step title="Using PythonDeploymentLogParser" date="2025-08-04T19:29:55.259" /><!-- duration: 4ms -->
                  <step title="Modified file to trigger a restart of the app container." date="2025-08-04T19:29:56.559" /><!-- duration: 6ms -->
                  <step title="Skip function trigger and logicapp sync because function is not enabled." date="2025-08-04T19:29:56.574" /><!-- duration: 10ms -->
                </step><!-- duration: 171313ms -->
              </step><!-- duration: 171525ms -->
              <step title="Cleaning up temp files" date="2025-08-04T19:29:58.228" /><!-- duration: 1485ms -->
              <step title="Cleaning up temp files" date="2025-08-04T19:29:59.753" /><!-- duration: 536ms -->
              <step title="Reloading status file with latest updates" date="2025-08-04T19:30:00.398" >
                <step title="WebHooksManager.PublishEventAsync: PostDeployment" date="2025-08-04T19:30:00.416" /><!-- duration: 144ms -->
              </step><!-- duration: 179ms -->
              <step title="Cleaning up temporary deployment - fetch deployment was successful" date="2025-08-04T19:30:00.698" /><!-- duration: 9ms -->
            </step><!-- duration: 174343ms -->
          </step><!-- duration: 176592ms -->
          <step title="Outgoing response" date="2025-08-04T19:30:01.000" type="response" statusCode="200" statusText="OK" /><!-- duration: 11ms -->
        </step><!-- duration: 176741ms -->
