<step title="BackgroundTrace" date="2025-08-04T21:35:37.302" instance="6db5fe" url="/api/zipdeploy" method="POST" >
  <step title="Creating temporary deployment - FetchDeploymentManager" date="2025-08-04T21:35:37.380" /><!-- duration: 3ms -->
  <step title="Creating temporary deployment" date="2025-08-04T21:35:37.394" /><!-- duration: 99ms -->
  <step title="Performing fetch based deployment" date="2025-08-04T21:35:37.521" >
    <step title="Cleaning up temp folders from previous zip deployments and extracting pushed zip file /tmp/zipdeploy/7d825e26-2b91-4558-bd95-76f9c01a2d10.zip (0.05 MB) to /tmp/zipdeploy/extracted" date="2025-08-04T21:35:38.749" >
      <step title="ChmodRecursive Process exited with total time taken in ms: 101" date="2025-08-04T21:35:40.792" /><!-- duration: 21ms -->
    </step><!-- duration: 2084ms -->
    <step title="Deployment timer started" date="2025-08-04T21:35:42.889" >
      <step title="DeploymentManager.Deploy(id:01c4c4dc-9194-4740-a2c6-9fe62b9977f6)" date="2025-08-04T21:35:42.909" >
        <step title="Collecting changeset information" date="2025-08-04T21:35:43.005" /><!-- duration: 888ms -->
        <step title="Updating submodules" date="2025-08-04T21:35:43.906" /><!-- duration: 1149ms -->
        <step title="Determining deployment builder" date="2025-08-04T21:35:45.284" >
          <step title="Builder is OryxBuilder" date="2025-08-04T21:35:45.352" /><!-- duration: 13ms -->
        </step><!-- duration: 109ms -->
        <step title="PreDeployment: context.CleanOutputPath False" date="2025-08-04T21:35:45.465" >
          <step title="PreDeployment: context.OutputPath /home/site/wwwroot" date="2025-08-04T21:35:45.559" >
            <step title="Building" date="2025-08-04T21:35:45.676" >
              <step title="Executing external process" date="2025-08-04T21:35:46.375" type="process" path="bash" arguments="-c &quot;oryx build /tmp/zipdeploy/extracted -o /home/site/wwwroot --platform python --platform-version 3.11 -p virtualenv_name=antenv --log-file /tmp/build-debug.log  -i /tmp/8ddd39edee532a1 --compress-destination-dir | tee /tmp/oryx-build.log ; exit $PIPESTATUS &quot;" /><!-- duration: 163977ms -->
              <step title="Using PythonDeploymentLogParser" date="2025-08-04T21:38:30.792" /><!-- duration: 11ms -->
              <step title="Triggering recycle (preview mode disabled)." date="2025-08-04T21:38:32.448" /><!-- duration: 10ms -->
              <step title="Modified file to trigger a restart of the app container." date="2025-08-04T21:38:32.578" /><!-- duration: 20ms -->
              <step title="Skip function trigger and logicapp sync because function is not enabled." date="2025-08-04T21:38:32.618" /><!-- duration: 22ms -->
              <step title="Purge deployment items" date="2025-08-04T21:38:34.458" >
                <step title="Remove temp-2b06, Pending, received at 08/04/2025 21:35:37" date="2025-08-04T21:38:34.580" /><!-- duration: 10ms -->
                <step title="Remove d8e551ce-, Success, received at 08/04/2025 18:06:35" date="2025-08-04T21:38:34.690" /><!-- duration: 9ms -->
              </step><!-- duration: 261ms -->
            </step><!-- duration: 169174ms -->
          </step><!-- duration: 169300ms -->
          <step title="Cleaning up temp files" date="2025-08-04T21:38:34.862" /><!-- duration: 1991ms -->
          <step title="Cleaning up temp files" date="2025-08-04T21:38:36.871" /><!-- duration: 513ms -->
          <step title="Reloading status file with latest updates" date="2025-08-04T21:38:37.457" >
            <step title="WebHooksManager.PublishEventAsync: PostDeployment" date="2025-08-04T21:38:37.486" /><!-- duration: 60ms -->
          </step><!-- duration: 92ms -->
          <step title="Cleaning up temporary deployment - fetch deployment was successful" date="2025-08-04T21:38:37.562" /><!-- duration: 3ms -->
        </step><!-- duration: 172140ms -->
      </step><!-- duration: 174733ms -->
