<step title="Incoming Request" date="2025-08-04T22:03:56.667" instance="6db5fe" url="/api/zipdeploy?isAsync=true" method="POST" type="request" pid="780,1,15" Accept="*/*" Host="pharmassist-enterprise.scm.azurewebsites.net" User-Agent="AZURECLI/2.75.0 (MSI)" Accept-Encoding="gzip, deflate" Authorization="Bas..." Cache-Control="no-cache" Content-Type="application/octet-stream" Cookie="ARRAffinity=6db5fe3709d4444b9c04907ca05f920ef31de709c6d20b04e0a56f99d39a3800; ARRAffinitySameSite=6db5fe3709d4444b9c04907ca05f920ef31de709c6d20b04e0a56f99d39a3800" Content-Length="3963" x-ms-client-request-id="e3ec5b27-717e-11f0-93d1-9c67d682987a" x-ms-artifact-checksum="da044aed7dd398ec29f48395a6aea5e9ea758d0d89a1ad29726385b624fa988b" X-ARR-LOG-ID="e3ec5b27-717e-11f0-93d1-9c67d682987a" CLIENT-IP="167.248.114.72:53827" X-SITE-DEPLOYMENT-ID="pharmassist-enterprise" WAS-DEFAULT-HOSTNAME="pharmassist-enterprise.scm.azurewebsites.net" X-Forwarded-Proto="https" X-AppService-Proto="https" X-Forwarded-TlsVersion="1.3" X-WAWS-Unencoded-URL="/api/zipdeploy?isAsync=true" X-Client-IP="167.248.114.72" X-Client-Port="53827" >
  <step title="ZipPushDeploy" date="2025-08-04T22:03:56.689" >
    <step title="ZipDeploy. Extract zip. Remote build." date="2025-08-04T22:03:56.710" /><!-- duration: 7ms -->
    <step title="Starting PushDeployAsync" date="2025-08-04T22:03:56.736" /><!-- duration: 3ms -->
    <step title="Writing artifact to /tmp/zipdeploy/bfa3bfa8-0327-44f3-8b23-dfbd099f18a9.zip" date="2025-08-04T22:03:56.799" >
      <step title="Writing multipart request body to /tmp/zipdeploy/bfa3bfa8-0327-44f3-8b23-dfbd099f18a9.zip" date="2025-08-04T22:03:56.808" /><!-- duration: 10ms -->
    </step><!-- duration: 80ms -->
    <step title="Removing previous build artifact&apos;s manifest file" date="2025-08-04T22:03:56.917" >
      <step title="Start deployment in the background" date="2025-08-04T22:03:56.958" >
        <step title="Acquiring Deployment Lock" date="2025-08-04T22:03:57.029" /><!-- duration: 9ms -->
        <step title="Acquired Deployment Lock" date="2025-08-04T22:03:57.090" /><!-- duration: 9ms -->
      </step><!-- duration: 322ms -->
    </step><!-- duration: 374ms -->
    <step title="Outgoing response" date="2025-08-04T22:03:57.302" type="response" statusCode="202" statusText="Accepted" /><!-- duration: 9ms -->
  </step><!-- duration: 630ms -->
