<step title="Incoming Request" date="2025-08-04T21:25:47.126" instance="6db5fe" url="/api/zipdeploy?isAsync=true" method="POST" type="request" pid="776,1,64" Accept="*/*" Host="pharmassist-enterprise.scm.azurewebsites.net" User-Agent="AZURECLI/2.75.0 (MSI)" Accept-Encoding="gzip, deflate" Authorization="Bas..." Cache-Control="no-cache" Content-Type="application/octet-stream" Cookie="ARRAffinity=6db5fe3709d4444b9c04907ca05f920ef31de709c6d20b04e0a56f99d39a3800; ARRAffinitySameSite=6db5fe3709d4444b9c04907ca05f920ef31de709c6d20b04e0a56f99d39a3800" Content-Length="69188468" x-ms-client-request-id="90893578-7179-11f0-aded-9c67d682987a" x-ms-artifact-checksum="8c4b1ed62bae714af8eba8c430f0a5b720965f1c7446bf9b1ba9f4edf0ecaec5" X-ARR-LOG-ID="90893578-7179-11f0-aded-9c67d682987a" CLIENT-IP="167.248.114.72:51823" X-SITE-DEPLOYMENT-ID="pharmassist-enterprise" WAS-DEFAULT-HOSTNAME="pharmassist-enterprise.scm.azurewebsites.net" X-Forwarded-Proto="https" X-AppService-Proto="https" X-Forwarded-TlsVersion="1.3" X-WAWS-Unencoded-URL="/api/zipdeploy?isAsync=true" X-Client-IP="167.248.114.72" X-Client-Port="51823" >
  <step title="ZipPushDeploy" date="2025-08-04T21:25:47.698" >
    <step title="ZipDeploy. Extract zip. Remote build." date="2025-08-04T21:25:47.829" /><!-- duration: 8ms -->
    <step title="None repository commit" date="2025-08-04T21:25:47.888" >
      <step title="Commit id: 31581c3c-f499-4bc8-aa30-9fb848d5a8b6" date="2025-08-04T21:25:47.899" Message="N/A" AuthorName="N/A" AuthorEmail="N/A" /><!-- duration: 9ms -->
    </step><!-- duration: 39ms -->
    <step title="Starting PushDeployAsync" date="2025-08-04T21:25:47.939" /><!-- duration: 10ms -->
    <step title="Writing artifact to /tmp/zipdeploy/3db47a4a-6b17-410d-aac4-a9f93f4af898.zip" date="2025-08-04T21:25:48.090" >
      <step title="Writing multipart request body to /tmp/zipdeploy/3db47a4a-6b17-410d-aac4-a9f93f4af898.zip" date="2025-08-04T21:25:48.109" /><!-- duration: 39ms -->
    </step><!-- duration: 11326ms -->
    <step title="Start deployment in the background" date="2025-08-04T21:25:59.438" >
      <step title="Acquiring Deployment Lock" date="2025-08-04T21:25:59.506" /><!-- duration: 21ms -->
      <step title="Acquired Deployment Lock" date="2025-08-04T21:25:59.662" /><!-- duration: 10ms -->
    </step><!-- duration: 363ms -->
  </step><!-- duration: 12125ms -->
  <step title="Outgoing response" date="2025-08-04T21:25:59.852" type="response" statusCode="202" statusText="Accepted" /><!-- duration: 3ms -->
</step><!-- duration: 12731ms -->
