<step title="Incoming Request" date="2025-08-04T22:37:22.276" instance="6db5fe" url="/api/zipdeploy?isAsync=true" method="POST" type="request" pid="780,1,32" Accept="*/*" Host="pharmassist-enterprise.scm.azurewebsites.net" User-Agent="AZURECLI/2.75.0 (MSI)" Accept-Encoding="gzip, deflate" Authorization="Bas..." Cache-Control="no-cache" Content-Type="application/octet-stream" Cookie="ARRAffinity=6db5fe3709d4444b9c04907ca05f920ef31de709c6d20b04e0a56f99d39a3800; ARRAffinitySameSite=6db5fe3709d4444b9c04907ca05f920ef31de709c6d20b04e0a56f99d39a3800" Content-Length="51698" x-ms-client-request-id="90186f75-7183-11f0-9d2a-9c67d682987a" x-ms-artifact-checksum="2f37195d2cce8dc9a38685ea10320ff0b9ac812065a2c73b42a6b55a860f197c" X-ARR-LOG-ID="90186f75-7183-11f0-9d2a-9c67d682987a" CLIENT-IP="167.248.114.72:55424" X-SITE-DEPLOYMENT-ID="pharmassist-enterprise" WAS-DEFAULT-HOSTNAME="pharmassist-enterprise.scm.azurewebsites.net" X-Forwarded-Proto="https" X-AppService-Proto="https" X-Forwarded-TlsVersion="1.3" X-WAWS-Unencoded-URL="/api/zipdeploy?isAsync=true" X-Client-IP="167.248.114.72" X-Client-Port="55424" >
  <step title="ZipPushDeploy" date="2025-08-04T22:37:22.388" >
    <step title="ZipDeploy. Extract zip. Remote build." date="2025-08-04T22:37:22.410" /><!-- duration: 18ms -->
    <step title="Starting PushDeployAsync" date="2025-08-04T22:37:22.468" /><!-- duration: 2ms -->
    <step title="Writing artifact to /tmp/zipdeploy/42e00df7-09fb-4525-9e8a-3d058380f44d.zip" date="2025-08-04T22:37:22.499" >
      <step title="Writing multipart request body to /tmp/zipdeploy/42e00df7-09fb-4525-9e8a-3d058380f44d.zip" date="2025-08-04T22:37:22.520" /><!-- duration: 20ms -->
    </step><!-- duration: 112ms -->
    <step title="Removing previous build artifact&apos;s manifest file" date="2025-08-04T22:37:22.742" >
      <step title="Start deployment in the background" date="2025-08-04T22:37:22.832" >
        <step title="Acquiring Deployment Lock" date="2025-08-04T22:37:23.100" /><!-- duration: 10ms -->
        <step title="Acquired Deployment Lock" date="2025-08-04T22:37:23.202" /><!-- duration: 19ms -->
      </step><!-- duration: 603ms -->
    </step><!-- duration: 740ms -->
    <step title="Outgoing response" date="2025-08-04T22:37:23.493" type="response" statusCode="202" statusText="Accepted" /><!-- duration: 19ms -->
  </step><!-- duration: 1127ms -->
