<step title="BackgroundTrace" date="2025-08-04T23:06:41.049" instance="de37e0" url="/api/zipdeploy" method="POST" >
  <step title="Creating temporary deployment - FetchDeploymentManager" date="2025-08-04T23:06:41.124" /><!-- duration: 1ms -->
  <step title="Creating temporary deployment" date="2025-08-04T23:06:41.128" /><!-- duration: 84ms -->
  <step title="Performing fetch based deployment" date="2025-08-04T23:06:41.249" >
    <step title="Cleaning up temp folders from previous zip deployments and extracting pushed zip file /tmp/zipdeploy/93d806dc-1242-4420-a045-8a94b999e58e.zip (0.00 MB) to /tmp/zipdeploy/extracted" date="2025-08-04T23:06:42.357" >
      <step title="ChmodRecursive Process exited with total time taken in ms: 20" date="2025-08-04T23:06:42.400" /><!-- duration: 4ms -->
    </step><!-- duration: 59ms -->
    <step title="Deployment timer started" date="2025-08-04T23:06:44.425" >
      <step title="DeploymentManager.Deploy(id:3c3fa7ff-b1ed-4d43-a439-2343fa255231)" date="2025-08-04T23:06:44.430" >
        <step title="Collecting changeset information" date="2025-08-04T23:06:44.443" /><!-- duration: 88ms -->
        <step title="Updating submodules" date="2025-08-04T23:06:44.535" /><!-- duration: 1085ms -->
        <step title="Determining deployment builder" date="2025-08-04T23:06:45.774" >
          <step title="Builder is OryxBuilder" date="2025-08-04T23:06:45.784" /><!-- duration: 3ms -->
        </step><!-- duration: 15ms -->
        <step title="PreDeployment: context.CleanOutputPath False" date="2025-08-04T23:06:45.828" >
          <step title="PreDeployment: context.OutputPath /home/site/wwwroot" date="2025-08-04T23:06:45.941" >
            <step title="Building" date="2025-08-04T23:06:46.039" >
              <step title="Executing external process" date="2025-08-04T23:06:46.243" type="process" path="bash" arguments="-c &quot;oryx build /tmp/zipdeploy/extracted -o /home/site/wwwroot --platform python --platform-version 3.11 -p virtualenv_name=antenv --log-file /tmp/build-debug.log  -i /tmp/8ddd3ab95864846 --compress-destination-dir | tee /tmp/oryx-build.log ; exit $PIPESTATUS &quot;" /><!-- duration: 29341ms -->
              <step title="Using PythonDeploymentLogParser" date="2025-08-04T23:07:15.882" /><!-- duration: 2ms -->
              <step title="Triggering recycle (preview mode disabled)." date="2025-08-04T23:07:16.684" /><!-- duration: 6ms -->
              <step title="Modified file to trigger a restart of the app container." date="2025-08-04T23:07:16.722" /><!-- duration: 2ms -->
              <step title="Skip function trigger and logicapp sync because function is not enabled." date="2025-08-04T23:07:16.729" /><!-- duration: 5ms -->
              <step title="Purge deployment items" date="2025-08-04T23:07:17.608" >
                <step title="Remove 0d51e689-, Failed, received at 08/04/2025 22:57:41" date="2025-08-04T23:07:17.650" /><!-- duration: 2ms -->
                <step title="Remove temp-f8bd, Failed, received at 08/04/2025 22:57:37" date="2025-08-04T23:07:17.697" /><!-- duration: 4ms -->
                <step title="Remove 01c4c4dc-, Success, received at 08/04/2025 21:35:43" date="2025-08-04T23:07:17.757" /><!-- duration: 2ms -->
              </step><!-- duration: 153ms -->
            </step><!-- duration: 31779ms -->
          </step><!-- duration: 31879ms -->
          <step title="Cleaning up temp files" date="2025-08-04T23:07:17.822" /><!-- duration: 74ms -->
          <step title="Cleaning up temp files" date="2025-08-04T23:07:17.903" /><!-- duration: 503ms -->
          <step title="Reloading status file with latest updates" date="2025-08-04T23:07:18.696" >
            <step title="WebHooksManager.PublishEventAsync: PostDeployment" date="2025-08-04T23:07:18.707" /><!-- duration: 32ms -->
          </step><!-- duration: 45ms -->
          <step title="Cleaning up temporary deployment - fetch deployment was successful" date="2025-08-04T23:07:18.746" /><!-- duration: 2ms -->
        </step><!-- duration: 33004ms -->
      </step><!-- duration: 34412ms -->
