<step title="Incoming Request" date="2025-08-04T17:27:25.545" instance="6db5fe" url="/api/zipdeploy?isAsync=true" method="POST" type="request" pid="774,1,19" Accept="*/*" Host="pharmassist-enterprise.scm.azurewebsites.net" User-Agent="AZURECLI/2.75.0 (MSI)" Accept-Encoding="gzip, deflate" Authorization="Bas..." Cache-Control="no-cache" Content-Type="application/octet-stream" Cookie="ARRAffinity=6db5fe3709d4444b9c04907ca05f920ef31de709c6d20b04e0a56f99d39a3800; ARRAffinitySameSite=6db5fe3709d4444b9c04907ca05f920ef31de709c6d20b04e0a56f99d39a3800" Content-Length="33519" x-ms-client-request-id="44aa6d7e-7158-11f0-8663-9c67d682987a" x-ms-artifact-checksum="a52fe1ce58a3a89d71c3e0a6262140d1ece6a96f7e711aa6dca203b8cd8d1062" X-ARR-LOG-ID="44aa6d7e-7158-11f0-8663-9c67d682987a" CLIENT-IP="167.248.114.72:59484" X-SITE-DEPLOYMENT-ID="pharmassist-enterprise" WAS-DEFAULT-HOSTNAME="pharmassist-enterprise.scm.azurewebsites.net" X-Forwarded-Proto="https" X-AppService-Proto="https" X-Forwarded-TlsVersion="1.3" X-WAWS-Unencoded-URL="/api/zipdeploy?isAsync=true" X-Client-IP="167.248.114.72" X-Client-Port="59484" >
  <step title="ZipPushDeploy" date="2025-08-04T17:27:26.357" >
    <step title="ZipDeploy. Extract zip. Remote build." date="2025-08-04T17:27:26.400" /><!-- duration: 29ms -->
    <step title="None repository commit" date="2025-08-04T17:27:26.449" >
      <step title="Commit id: 51e5bb27-36cb-4cdd-bef1-47bce7568b2b" date="2025-08-04T17:27:26.458" Message="N/A" AuthorName="N/A" AuthorEmail="N/A" /><!-- duration: 3ms -->
    </step><!-- duration: 69ms -->
    <step title="Starting PushDeployAsync" date="2025-08-04T17:27:26.528" /><!-- duration: 2ms -->
    <step title="Writing artifact to /tmp/zipdeploy/e99dee67-918c-4583-982a-f3c4c01e5a7c.zip" date="2025-08-04T17:27:26.688" >
      <step title="Writing multipart request body to /tmp/zipdeploy/e99dee67-918c-4583-982a-f3c4c01e5a7c.zip" date="2025-08-04T17:27:26.769" /><!-- duration: 2ms -->
    </step><!-- duration: 1109ms -->
    <step title="Start deployment in the background" date="2025-08-04T17:27:28.065" >
      <step title="Acquiring Deployment Lock" date="2025-08-04T17:27:28.330" /><!-- duration: 47ms -->
      <step title="Acquired Deployment Lock" date="2025-08-04T17:27:28.772" /><!-- duration: 19ms -->
    </step><!-- duration: 1560ms -->
  </step><!-- duration: 3458ms -->
  <step title="Outgoing response" date="2025-08-04T17:27:29.866" type="response" statusCode="202" statusText="Accepted" /><!-- duration: 18ms -->
</step><!-- duration: 4342ms -->
