<step title="Incoming Request" date="2025-08-04T19:03:44.901" instance="6db5fe" url="/api/publish?type=zip&amp;restart=True" method="POST" type="request" pid="782,1,20" Accept="*/*" Host="pharmassist-enterprise.scm.azurewebsites.net" User-Agent="AZURECLI/2.75.0 (MSI)" Accept-Encoding="gzip, deflate" Authorization="Bas..." Cache-Control="no-cache" Content-Type="application/octet-stream" Cookie="ARRAffinity=6db5fe3709d4444b9c04907ca05f920ef31de709c6d20b04e0a56f99d39a3800; ARRAffinitySameSite=6db5fe3709d4444b9c04907ca05f920ef31de709c6d20b04e0a56f99d39a3800" Content-Length="37997" x-ms-client-request-id="b769250e-7165-11f0-b6c7-9c67d682987a" x-ms-artifact-checksum="7d6ff2cd7af36709fadc8c64690d920bff5931329af82fc444e1f27e2f0d31e5" X-ARR-LOG-ID="b769250e-7165-11f0-b6c7-9c67d682987a" CLIENT-IP="167.248.114.72:53919" X-SITE-DEPLOYMENT-ID="pharmassist-enterprise" WAS-DEFAULT-HOSTNAME="pharmassist-enterprise.scm.azurewebsites.net" X-Forwarded-Proto="https" X-AppService-Proto="https" X-Forwarded-TlsVersion="1.3" X-WAWS-Unencoded-URL="/api/publish?type=zip&amp;restart=True" X-Client-IP="167.248.114.72" X-Client-Port="53919" >
  <step title="OneDeploy" date="2025-08-04T19:03:45.151" >
    <step title="None repository commit" date="2025-08-04T19:03:45.210" >
      <step title="Commit id: 544c9118-441d-45f1-a0e0-bcbef4e1ffd6" date="2025-08-04T19:03:45.224" Message="N/A" AuthorName="N/A" AuthorEmail="N/A" /><!-- duration: 9ms -->
    </step><!-- duration: 31ms -->
    <step title="Starting PushDeployAsync" date="2025-08-04T19:03:45.246" /><!-- duration: 2ms -->
    <step title="Writing artifact to /tmp/zipdeploy/2b6f26f9-7965-4339-9637-f3b1bb61e531.zip" date="2025-08-04T19:03:45.306" >
      <step title="Writing multipart request body to /tmp/zipdeploy/2b6f26f9-7965-4339-9637-f3b1bb61e531.zip" date="2025-08-04T19:03:45.322" /><!-- duration: 3ms -->
    </step><!-- duration: 287ms -->
    <step title="Removing previous build artifact&apos;s manifest file" date="2025-08-04T19:03:45.606" >
      <step title="Attempting to fetch target branch HEAD" date="2025-08-04T19:03:45.646" /><!-- duration: 8ms -->
      <step title="Acquiring Deployment Lock" date="2025-08-04T19:03:45.676" /><!-- duration: 19ms -->
      <step title="Acquired Deployment Lock" date="2025-08-04T19:03:45.768" /><!-- duration: 3ms -->
      <step title="Performing fetch based deployment" date="2025-08-04T19:03:45.787" >
        <step title="Creating temporary deployment" date="2025-08-04T19:03:45.797" /><!-- duration: 99ms -->
        <step title="Releasing Deployment Lock" date="2025-08-04T19:03:47.250" /><!-- duration: 22ms -->
        <step title="Cleaning up temp folders from previous zip deployments and extracting pushed zip file /tmp/zipdeploy/2b6f26f9-7965-4339-9637-f3b1bb61e531.zip (0.04 MB) to /tmp/zipdeploy/extracted" date="2025-08-04T19:03:47.341" >
          <step title="ChmodRecursive Process exited with total time taken in ms: 171" date="2025-08-04T19:03:47.623" /><!-- duration: 17ms -->
        </step><!-- duration: 319ms -->
        <step title="None repository commit" date="2025-08-04T19:03:47.691" >
          <step title="Commit id: 544c9118-441d-45f1-a0e0-bcbef4e1ffd6" date="2025-08-04T19:03:47.702" Message="OneDeploy" AuthorName="N/A" AuthorEmail="N/A" /><!-- duration: 12ms -->
        </step><!-- duration: 32ms -->
        <step title="Deployment timer started" date="2025-08-04T19:03:49.779" >
          <step title="DeploymentManager.Deploy(id:544c9118-441d-45f1-a0e0-bcbef4e1ffd6)" date="2025-08-04T19:03:49.831" >
            <step title="Collecting changeset information" date="2025-08-04T19:03:49.920" /><!-- duration: 162ms -->
            <step title="Updating submodules" date="2025-08-04T19:03:50.089" /><!-- duration: 1170ms -->
            <step title="Determining deployment builder" date="2025-08-04T19:03:51.628" >
              <step title="Builder is OryxBuilder" date="2025-08-04T19:03:51.672" /><!-- duration: 3ms -->
            </step><!-- duration: 58ms -->
            <step title="PreDeployment: context.CleanOutputPath False" date="2025-08-04T19:03:51.753" >
              <step title="PreDeployment: context.OutputPath /home/site/wwwroot" date="2025-08-04T19:03:51.898" >
                <step title="Building" date="2025-08-04T19:03:52.062" >
                  <step title="Executing external process" date="2025-08-04T19:03:52.567" type="process" path="bash" arguments="-c &quot;oryx build /tmp/zipdeploy/extracted -o /home/site/wwwroot --platform python --platform-version 3.11 -p virtualenv_name=antenv --log-file /tmp/build-debug.log  -i /tmp/8ddd389a6af39f0 --compress-destination-dir | tee /tmp/oryx-build.log ; exit $PIPESTATUS &quot;" >
                    <step title="Cpu: gzip(1170,12.060s)+sh(1169,0.000s)+tar(1168,0.660s)+build.sh(993,0.080s)+oryx(971,11.400s)+tee(972,0.010s)+bash(970,0.010s)=total(24.210s)" date="2025-08-04T19:08:05.142" /><!-- duration: 58ms -->
                    <step title="bash: no io activity for 61s, prev-cpu=-1.000s, current-cpu=24.210s" date="2025-08-04T19:08:05.241" /><!-- duration: 60ms -->
                  </step><!-- duration: 281981ms -->
                  <step title="Using PythonDeploymentLogParser" date="2025-08-04T19:08:35.215" /><!-- duration: 9ms -->
                  <step title="Modified file to trigger a restart of the app container." date="2025-08-04T19:08:36.854" /><!-- duration: 21ms -->
                  <step title="Skip function trigger and logicapp sync because function is not enabled." date="2025-08-04T19:08:36.914" /><!-- duration: 11ms -->
                </step><!-- duration: 286031ms -->
              </step><!-- duration: 286201ms -->
              <step title="Cleaning up temp files" date="2025-08-04T19:08:38.102" /><!-- duration: 1138ms -->
              <step title="Cleaning up temp files" date="2025-08-04T19:08:39.259" /><!-- duration: 529ms -->
              <step title="Reloading status file with latest updates" date="2025-08-04T19:08:39.880" >
                <step title="WebHooksManager.PublishEventAsync: PostDeployment" date="2025-08-04T19:08:39.908" /><!-- duration: 161ms -->
              </step><!-- duration: 200ms -->
              <step title="Cleaning up temporary deployment - fetch deployment was successful" date="2025-08-04T19:08:40.088" /><!-- duration: 3ms -->
            </step><!-- duration: 288387ms -->
          </step><!-- duration: 290343ms -->
          <step title="Outgoing response" date="2025-08-04T19:08:40.212" type="response" statusCode="200" statusText="OK" /><!-- duration: 3ms -->
        </step><!-- duration: 290447ms -->
