<step title="Incoming Request" date="2025-08-04T23:06:40.989" instance="de37e0" url="/api/zipdeploy?isAsync=true" method="POST" type="request" pid="768,1,21" Accept="*/*" Host="pharmassist-enterprise.scm.azurewebsites.net" User-Agent="AZURECLI/2.75.0 (MSI)" Accept-Encoding="gzip, deflate" Authorization="Bas..." Cache-Control="no-cache" Content-Type="application/octet-stream" Cookie="ARRAffinity=de37e09dccc9af0a5952ea9ad13e712a47068a1c98c434aa1660477634cb5d48; ARRAffinitySameSite=de37e09dccc9af0a5952ea9ad13e712a47068a1c98c434aa1660477634cb5d48" Content-Length="745" x-ms-client-request-id="a9f89e89-7187-11f0-83ca-9c67d682987a" x-ms-artifact-checksum="bb5a397d5c5a5b55047034309dadd257f8f97e53e48d4bf474c9ff0626591dff" X-ARR-LOG-ID="a9f89e89-7187-11f0-83ca-9c67d682987a" CLIENT-IP="167.248.114.72:59713" X-SITE-DEPLOYMENT-ID="pharmassist-enterprise" WAS-DEFAULT-HOSTNAME="pharmassist-enterprise.scm.azurewebsites.net" X-Forwarded-Proto="https" X-AppService-Proto="https" X-Forwarded-TlsVersion="1.3" X-WAWS-Unencoded-URL="/api/zipdeploy?isAsync=true" X-Client-IP="167.248.114.72" X-Client-Port="59713" >
  <step title="ZipPushDeploy" date="2025-08-04T23:06:40.997" >
    <step title="ZipDeploy. Extract zip. Remote build." date="2025-08-04T23:06:41.003" /><!-- duration: 1ms -->
    <step title="None repository commit" date="2025-08-04T23:06:41.007" >
      <step title="Commit id: 3c3fa7ff-b1ed-4d43-a439-2343fa255231" date="2025-08-04T23:06:41.009" Message="N/A" AuthorName="N/A" AuthorEmail="N/A" /><!-- duration: 2ms -->
    </step><!-- duration: 5ms -->
    <step title="Starting PushDeployAsync" date="2025-08-04T23:06:41.014" /><!-- duration: 1ms -->
    <step title="Writing artifact to /tmp/zipdeploy/93d806dc-1242-4420-a045-8a94b999e58e.zip" date="2025-08-04T23:06:41.025" >
      <step title="Writing multipart request body to /tmp/zipdeploy/93d806dc-1242-4420-a045-8a94b999e58e.zip" date="2025-08-04T23:06:41.028" /><!-- duration: 4ms -->
    </step><!-- duration: 12ms -->
    <step title="Start deployment in the background" date="2025-08-04T23:06:41.045" >
      <step title="Acquiring Deployment Lock" date="2025-08-04T23:06:41.067" /><!-- duration: 1ms -->
      <step title="Acquired Deployment Lock" date="2025-08-04T23:06:41.121" /><!-- duration: 2ms -->
    </step><!-- duration: 168ms -->
  </step><!-- duration: 220ms -->
  <step title="Outgoing response" date="2025-08-04T23:06:41.221" type="response" statusCode="202" statusText="Accepted" /><!-- duration: 2ms -->
</step><!-- duration: 235ms -->
