<step title="Incoming Request" date="2025-08-04T22:24:59.987" instance="6db5fe" url="/api/deployments/latest" method="GET" type="request" pid="780,1,31" Accept="*/*" Host="pharmassist-enterprise.scm.azurewebsites.net" User-Agent="AZURECLI/2.75.0 (MSI)" Accept-Encoding="gzip, deflate" Authorization="Bas..." x-ms-client-request-id="d42b3b3c-7181-11f0-9aa5-9c67d682987a" X-ARR-LOG-ID="d42b3b3c-7181-11f0-9aa5-9c67d682987a" CLIENT-IP="167.248.114.72:54908" X-SITE-DEPLOYMENT-ID="pharmassist-enterprise" WAS-DEFAULT-HOSTNAME="pharmassist-enterprise.scm.azurewebsites.net" X-Forwarded-Proto="https" X-AppService-Proto="https" X-Forwarded-TlsVersion="1.3" X-WAWS-Unencoded-URL="/api/deployments/latest" X-Client-IP="167.248.114.72" X-Client-Port="54908" >
  <step title="Cleanup Xml Logs" date="2025-08-04T22:25:00.001" >
    <step title="Cleanup Infos" date="2025-08-04T22:25:00.014" totalFiles="220" totalCleanup="60" /><!-- duration: 19ms -->
  </step><!-- duration: 40ms -->
  <step title="DeploymentService.GetResult" date="2025-08-04T22:25:00.063" >
    <step title="DeploymentService.GetLatestDeployment" date="2025-08-04T22:25:00.065" >
      <step title="DeploymentManager.GetResults" date="2025-08-04T22:25:00.074" /><!-- duration: 996ms -->
    </step><!-- duration: 1014ms -->
  </step><!-- duration: 1019ms -->
  <step title="Outgoing response" date="2025-08-04T22:25:01.113" type="response" statusCode="202" statusText="Accepted" /><!-- duration: 29ms -->
</step><!-- duration: 1164ms -->
