﻿<?xml version="1.0" encoding="utf-8"?>
<deployment>
  <id>740b41eb-5534-4feb-8620-2efb8683a4ee</id>
  <author>N/A</author>
  <deployer>OneDeploy</deployer>
  <authorEmail>N/A</authorEmail>
  <message>OneDeploy</message>
  <progress></progress>
  <status>Success</status>
  <statusText></statusText>
  <lastSuccessEndTime>2025-08-04T19:55:40.8395118Z</lastSuccessEndTime>
  <receivedTime>2025-08-04T19:53:16.3915732Z</receivedTime>
  <startTime>2025-08-04T19:53:17.7812082Z</startTime>
  <endTime>2025-08-04T19:55:40.8395118Z</endTime>
  <complete>True</complete>
  <is_temp>False</is_temp>
  <is_readonly>True</is_readonly>
  <buildSummary />
</deployment>