﻿<?xml version="1.0" encoding="utf-8"?>
<deployment>
  <id>4555896a-4c51-4e67-9a01-1ece2bc03e59</id>
  <author>N/A</author>
  <deployer>OneDeploy</deployer>
  <authorEmail>N/A</authorEmail>
  <message>OneDeploy</message>
  <progress></progress>
  <status>Success</status>
  <statusText></statusText>
  <lastSuccessEndTime>2025-08-03T22:19:33.9233023Z</lastSuccessEndTime>
  <receivedTime>2025-08-03T22:17:38.0187949Z</receivedTime>
  <startTime>2025-08-03T22:17:39.3595543Z</startTime>
  <endTime>2025-08-03T22:19:33.9233023Z</endTime>
  <complete>True</complete>
  <is_temp>False</is_temp>
  <is_readonly>True</is_readonly>
  <buildSummary />
</deployment>