﻿<?xml version="1.0" encoding="utf-8"?>
<deployment>
  <id>20384935-386f-4ae9-bc99-baf1cbf76c77</id>
  <author>N/A</author>
  <deployer>OneDeploy</deployer>
  <authorEmail>N/A</authorEmail>
  <message>OneDeploy</message>
  <progress></progress>
  <status>Success</status>
  <statusText></statusText>
  <lastSuccessEndTime>2025-08-04T19:38:44.7134627Z</lastSuccessEndTime>
  <receivedTime>2025-08-04T19:35:38.1544993Z</receivedTime>
  <startTime>2025-08-04T19:35:39.5683118Z</startTime>
  <endTime>2025-08-04T19:38:44.7134627Z</endTime>
  <complete>True</complete>
  <is_temp>False</is_temp>
  <is_readonly>True</is_readonly>
  <buildSummary />
</deployment>