﻿<?xml version="1.0" encoding="utf-8"?>
<deployment>
  <id>485f23a2-0d74-4eb5-a79e-922f34cde775</id>
  <author>N/A</author>
  <deployer>OneDeploy</deployer>
  <authorEmail>N/A</authorEmail>
  <message>OneDeploy</message>
  <progress></progress>
  <status>Success</status>
  <statusText></statusText>
  <lastSuccessEndTime>2025-08-04T20:04:39.3831484Z</lastSuccessEndTime>
  <receivedTime>2025-08-04T20:01:45.0765821Z</receivedTime>
  <startTime>2025-08-04T20:01:46.5054782Z</startTime>
  <endTime>2025-08-04T20:04:39.3831484Z</endTime>
  <complete>True</complete>
  <is_temp>False</is_temp>
  <is_readonly>True</is_readonly>
  <buildSummary />
</deployment>