﻿<?xml version="1.0" encoding="utf-8"?>
<deployment>
  <id>e1b36b3e-7ec0-4df4-9d61-5f2aa0c9a322</id>
  <author>N/A</author>
  <deployer>Push-Deployer</deployer>
  <authorEmail>N/A</authorEmail>
  <message>Created via a push deployment</message>
  <progress></progress>
  <status>Success</status>
  <statusText></statusText>
  <lastSuccessEndTime>2025-08-04T22:39:56.2225696Z</lastSuccessEndTime>
  <receivedTime>2025-08-04T22:37:27.8592724Z</receivedTime>
  <startTime>2025-08-04T22:37:30.2002362Z</startTime>
  <endTime>2025-08-04T22:39:56.2225696Z</endTime>
  <complete>True</complete>
  <is_temp>False</is_temp>
  <is_readonly>True</is_readonly>
  <buildSummary />
</deployment>