﻿<?xml version="1.0" encoding="utf-8"?>
<deployment>
  <id>4c448e85-e2b3-4382-b208-a81d5d860442</id>
  <author>N/A</author>
  <deployer>Push-Deployer</deployer>
  <authorEmail>N/A</authorEmail>
  <message>Created via a push deployment</message>
  <progress></progress>
  <status>Success</status>
  <statusText></statusText>
  <lastSuccessEndTime>2025-08-04T23:11:28.7532474Z</lastSuccessEndTime>
  <receivedTime>2025-08-04T23:11:15.4799828Z</receivedTime>
  <startTime>2025-08-04T23:11:17.3103068Z</startTime>
  <endTime>2025-08-04T23:11:28.7532474Z</endTime>
  <complete>True</complete>
  <is_temp>False</is_temp>
  <is_readonly>True</is_readonly>
  <buildSummary />
</deployment>