﻿<?xml version="1.0" encoding="utf-8"?>
<deployment>
  <id>ed6a03cc-2fb0-4620-b6d9-1baaba0a4b50</id>
  <author>N/A</author>
  <deployer>OneDeploy</deployer>
  <authorEmail>N/A</authorEmail>
  <message>OneDeploy</message>
  <progress></progress>
  <status>Success</status>
  <statusText></statusText>
  <lastSuccessEndTime>2025-08-04T00:23:04.9582434Z</lastSuccessEndTime>
  <receivedTime>2025-08-04T00:20:45.6605543Z</receivedTime>
  <startTime>2025-08-04T00:20:47.0752757Z</startTime>
  <endTime>2025-08-04T00:23:04.9582434Z</endTime>
  <complete>True</complete>
  <is_temp>False</is_temp>
  <is_readonly>True</is_readonly>
  <buildSummary />
</deployment>