﻿<?xml version="1.0" encoding="utf-8"?>
<deployment>
  <id>5445e885-abc1-4c6a-9279-bfb3a86254cb</id>
  <author>N/A</author>
  <deployer>OneDeploy</deployer>
  <authorEmail>N/A</authorEmail>
  <message>OneDeploy</message>
  <progress></progress>
  <status>Success</status>
  <statusText></statusText>
  <lastSuccessEndTime>2025-08-03T23:16:22.6082721Z</lastSuccessEndTime>
  <receivedTime>2025-08-03T23:14:17.591213Z</receivedTime>
  <startTime>2025-08-03T23:14:19.0959522Z</startTime>
  <endTime>2025-08-03T23:16:22.6082721Z</endTime>
  <complete>True</complete>
  <is_temp>False</is_temp>
  <is_readonly>True</is_readonly>
  <buildSummary />
</deployment>