<step title="Incoming Request" date="2025-08-03T23:14:13.505" instance="e2467e" url="/api/publish?type=zip" method="POST" type="request" pid="767,1,16" Accept="*/*" Host="white-label-chat-km-cxhkhjd0aecsf9ah.scm.centralus-01.azurewebsites.net" User-Agent="AZURECLI/2.75.0 (MSI)" Accept-Encoding="gzip, deflate" Authorization="Bas..." Cache-Control="no-cache" Content-Type="application/octet-stream" Cookie="ARRAffinity=e2467e47d35990645d1677416288076d773dc49712609e83213855e07b4fc62f; ARRAffinitySameSite=e2467e47d35990645d1677416288076d773dc49712609e83213855e07b4fc62f" Content-Length="63243" x-ms-client-request-id="8bbc9af4-70bf-11f0-b5d7-9c67d682987a" x-ms-artifact-checksum="dd8f1e128556873b4a32ed1c5b7cc124a9525fab0b8be698ccfc3cddb1127cb9" X-ARR-LOG-ID="8bbc9af4-70bf-11f0-b5d7-9c67d682987a" CLIENT-IP="167.248.114.72:62565" X-SITE-DEPLOYMENT-ID="white-label-chat-km" WAS-DEFAULT-HOSTNAME="white-label-chat-km-cxhkhjd0aecsf9ah.scm.centralus-01.azurewebsites.net" X-Forwarded-Proto="https" X-AppService-Proto="https" X-Forwarded-TlsVersion="1.3" X-WAWS-Unencoded-URL="/api/publish?type=zip" X-Client-IP="167.248.114.72" X-Client-Port="62565" >
  <step title="OneDeploy" date="2025-08-03T23:14:13.576" >
    <step title="Starting PushDeployAsync" date="2025-08-03T23:14:13.587" /><!-- duration: 2ms -->
    <step title="Writing artifact to /tmp/zipdeploy/57b19c7e-2508-4e63-be1e-d192c9b0be51.zip" date="2025-08-03T23:14:13.602" >
      <step title="Writing multipart request body to /tmp/zipdeploy/57b19c7e-2508-4e63-be1e-d192c9b0be51.zip" date="2025-08-03T23:14:13.611" /><!-- duration: 11ms -->
    </step><!-- duration: 87ms -->
    <step title="Removing previous build artifact&apos;s manifest file" date="2025-08-03T23:14:13.698" >
      <step title="Attempting to fetch target branch HEAD" date="2025-08-03T23:14:13.720" /><!-- duration: 8ms -->
      <step title="Acquiring Deployment Lock" date="2025-08-03T23:14:13.735" /><!-- duration: 3ms -->
      <step title="Acquired Deployment Lock" date="2025-08-03T23:14:13.791" /><!-- duration: 4ms -->
      <step title="Performing fetch based deployment" date="2025-08-03T23:14:13.805" >
        <step title="Creating temporary deployment" date="2025-08-03T23:14:13.810" /><!-- duration: 68ms -->
        <step title="Releasing Deployment Lock" date="2025-08-03T23:14:15.055" /><!-- duration: 12ms -->
        <step title="Cleaning up temp folders from previous zip deployments and extracting pushed zip file /tmp/zipdeploy/57b19c7e-2508-4e63-be1e-d192c9b0be51.zip (0.06 MB) to /tmp/zipdeploy/extracted" date="2025-08-03T23:14:15.135" >
          <step title="ChmodRecursive Process exited with total time taken in ms: 128" date="2025-08-03T23:14:15.368" /><!-- duration: 9ms -->
        </step><!-- duration: 247ms -->
        <step title="None repository commit" date="2025-08-03T23:14:15.399" >
          <step title="Commit id: 5445e885-abc1-4c6a-9279-bfb3a86254cb" date="2025-08-03T23:14:15.402" Message="OneDeploy" AuthorName="N/A" AuthorEmail="N/A" /><!-- duration: 4ms -->
        </step><!-- duration: 12ms -->
        <step title="Deployment timer started" date="2025-08-03T23:14:17.424" >
          <step title="DeploymentManager.Deploy(id:5445e885-abc1-4c6a-9279-bfb3a86254cb)" date="2025-08-03T23:14:17.454" >
            <step title="Collecting changeset information" date="2025-08-03T23:14:17.514" /><!-- duration: 195ms -->
            <step title="Updating submodules" date="2025-08-03T23:14:17.735" /><!-- duration: 1176ms -->
            <step title="Determining deployment builder" date="2025-08-03T23:14:19.161" >
              <step title="Builder is OryxBuilder" date="2025-08-03T23:14:19.190" /><!-- duration: 3ms -->
            </step><!-- duration: 35ms -->
            <step title="PreDeployment: context.CleanOutputPath False" date="2025-08-03T23:14:19.241" >
              <step title="PreDeployment: context.OutputPath /home/site/wwwroot" date="2025-08-03T23:14:19.355" >
                <step title="Building" date="2025-08-03T23:14:19.569" >
                  <step title="Executing external process" date="2025-08-03T23:14:20.049" type="process" path="bash" arguments="-c &quot;oryx build /tmp/zipdeploy/extracted -o /home/site/wwwroot --platform python --platform-version 3.11 -p virtualenv_name=antenv --log-file /tmp/build-debug.log  -i /tmp/8ddd2e3795d143c --compress-destination-dir | tee /tmp/oryx-build.log ; exit $PIPESTATUS &quot;" /><!-- duration: 120376ms -->
                  <step title="Using PythonDeploymentLogParser" date="2025-08-03T23:16:20.900" /><!-- duration: 5ms -->
                  <step title="Modified file to trigger a restart of the app container." date="2025-08-03T23:16:22.202" /><!-- duration: 7ms -->
                  <step title="Skip function trigger and logicapp sync because function is not enabled." date="2025-08-03T23:16:22.214" /><!-- duration: 9ms -->
                  <step title="Purge deployment items" date="2025-08-03T23:16:23.273" >
                    <step title="Remove d5637f6a-, Success, received at 08/03/2025 21:44:43" date="2025-08-03T23:16:23.327" /><!-- duration: 3ms -->
                  </step><!-- duration: 60ms -->
                </step><!-- duration: 123816ms -->
              </step><!-- duration: 124034ms -->
              <step title="Cleaning up temp files" date="2025-08-03T23:16:23.396" /><!-- duration: 1075ms -->
              <step title="Cleaning up temp files" date="2025-08-03T23:16:24.513" /><!-- duration: 521ms -->
              <step title="Reloading status file with latest updates" date="2025-08-03T23:16:25.069" >
                <step title="WebHooksManager.PublishEventAsync: PostDeployment" date="2025-08-03T23:16:25.075" /><!-- duration: 54ms -->
              </step><!-- duration: 65ms -->
              <step title="Cleaning up temporary deployment - fetch deployment was successful" date="2025-08-03T23:16:25.142" /><!-- duration: 4ms -->
            </step><!-- duration: 125956ms -->
          </step><!-- duration: 127755ms -->
          <step title="Outgoing response" date="2025-08-03T23:16:25.224" type="response" statusCode="200" statusText="OK" /><!-- duration: 13ms -->
        </step><!-- duration: 127816ms -->
