<step title="Incoming Request" date="2025-08-03T23:10:36.962" instance="e2467e" url="/api/publish?type=zip" method="POST" type="request" pid="767,1,16" Accept="*/*" Host="white-label-chat-km-cxhkhjd0aecsf9ah.scm.centralus-01.azurewebsites.net" User-Agent="AZURECLI/2.75.0 (MSI)" Accept-Encoding="gzip, deflate" Authorization="Bas..." Cache-Control="no-cache" Content-Type="application/octet-stream" Cookie="ARRAffinity=e2467e47d35990645d1677416288076d773dc49712609e83213855e07b4fc62f; ARRAffinitySameSite=e2467e47d35990645d1677416288076d773dc49712609e83213855e07b4fc62f" Content-Length="63243" x-ms-client-request-id="fc98f745-70be-11f0-8a8c-9c67d682987a" x-ms-artifact-checksum="c060d4be4805e03d56df690edd96b7a25bd4e3e26e5d08c338b9f55f51db01d9" X-ARR-LOG-ID="fc98f745-70be-11f0-8a8c-9c67d682987a" CLIENT-IP="167.248.114.72:62322" X-SITE-DEPLOYMENT-ID="white-label-chat-km" WAS-DEFAULT-HOSTNAME="white-label-chat-km-cxhkhjd0aecsf9ah.scm.centralus-01.azurewebsites.net" X-Forwarded-Proto="https" X-AppService-Proto="https" X-Forwarded-TlsVersion="1.3" X-WAWS-Unencoded-URL="/api/publish?type=zip" X-Client-IP="167.248.114.72" X-Client-Port="62322" >
  <step title="OneDeploy" date="2025-08-03T23:10:37.059" >
    <step title="None repository commit" date="2025-08-03T23:10:37.075" >
      <step title="Commit id: df485a88-64b9-4d03-8836-ca9239482a81" date="2025-08-03T23:10:37.078" Message="N/A" AuthorName="N/A" AuthorEmail="N/A" /><!-- duration: 3ms -->
    </step><!-- duration: 10ms -->
    <step title="Starting PushDeployAsync" date="2025-08-03T23:10:37.089" /><!-- duration: 3ms -->
    <step title="Writing artifact to /tmp/zipdeploy/a7b3b774-a725-4cbd-9294-3ae074c3ea75.zip" date="2025-08-03T23:10:37.119" >
      <step title="Writing multipart request body to /tmp/zipdeploy/a7b3b774-a725-4cbd-9294-3ae074c3ea75.zip" date="2025-08-03T23:10:37.124" /><!-- duration: 3ms -->
    </step><!-- duration: 94ms -->
    <step title="Removing previous build artifact&apos;s manifest file" date="2025-08-03T23:10:37.239" >
      <step title="Attempting to fetch target branch HEAD" date="2025-08-03T23:10:37.285" /><!-- duration: 3ms -->
      <step title="Acquiring Deployment Lock" date="2025-08-03T23:10:37.299" /><!-- duration: 2ms -->
      <step title="Acquired Deployment Lock" date="2025-08-03T23:10:37.349" /><!-- duration: 3ms -->
      <step title="Performing fetch based deployment" date="2025-08-03T23:10:37.368" >
        <step title="Creating temporary deployment" date="2025-08-03T23:10:37.378" /><!-- duration: 84ms -->
        <step title="Releasing Deployment Lock" date="2025-08-03T23:10:38.732" /><!-- duration: 27ms -->
        <step title="Cleaning up temp folders from previous zip deployments and extracting pushed zip file /tmp/zipdeploy/a7b3b774-a725-4cbd-9294-3ae074c3ea75.zip (0.06 MB) to /tmp/zipdeploy/extracted" date="2025-08-03T23:10:38.795" >
          <step title="ChmodRecursive Process exited with total time taken in ms: 70" date="2025-08-03T23:10:38.955" /><!-- duration: 9ms -->
        </step><!-- duration: 188ms -->
        <step title="None repository commit" date="2025-08-03T23:10:38.994" >
          <step title="Commit id: df485a88-64b9-4d03-8836-ca9239482a81" date="2025-08-03T23:10:39.003" Message="OneDeploy" AuthorName="N/A" AuthorEmail="N/A" /><!-- duration: 4ms -->
        </step><!-- duration: 17ms -->
        <step title="Deployment timer started" date="2025-08-03T23:10:41.028" >
          <step title="DeploymentManager.Deploy(id:df485a88-64b9-4d03-8836-ca9239482a81)" date="2025-08-03T23:10:41.061" >
            <step title="Collecting changeset information" date="2025-08-03T23:10:41.124" /><!-- duration: 152ms -->
            <step title="Updating submodules" date="2025-08-03T23:10:41.295" /><!-- duration: 1257ms -->
            <step title="Determining deployment builder" date="2025-08-03T23:10:42.930" >
              <step title="Builder is OryxBuilder" date="2025-08-03T23:10:42.976" /><!-- duration: 8ms -->
            </step><!-- duration: 69ms -->
            <step title="PreDeployment: context.CleanOutputPath False" date="2025-08-03T23:10:43.084" >
              <step title="PreDeployment: context.OutputPath /home/site/wwwroot" date="2025-08-03T23:10:43.278" >
                <step title="Building" date="2025-08-03T23:10:43.518" >
                  <step title="Executing external process" date="2025-08-03T23:10:44.211" type="process" path="bash" arguments="-c &quot;oryx build /tmp/zipdeploy/extracted -o /home/site/wwwroot --platform python --platform-version 3.11 -p virtualenv_name=antenv --log-file /tmp/build-debug.log  -i /tmp/8ddd2e2f881b833 --compress-destination-dir | tee /tmp/oryx-build.log ; exit $PIPESTATUS &quot;" >
                    <step title="Cpu: build.sh(815,0.070s)+oryx(795,5.050s)+tee(796,0.000s)+bash(794,0.000s)=total(36.060s)" date="2025-08-03T23:12:31.901" /><!-- duration: 76ms -->
                    <step title="bash: no io activity for 61s, prev-cpu=-1.000s, current-cpu=36.060s" date="2025-08-03T23:12:31.990" /><!-- duration: 28ms -->
                  </step><!-- duration: 152508ms -->
                  <step title="Using PythonDeploymentLogParser" date="2025-08-03T23:13:17.194" /><!-- duration: 8ms -->
                  <step title="Modified file to trigger a restart of the app container." date="2025-08-03T23:13:18.605" /><!-- duration: 5ms -->
                  <step title="Skip function trigger and logicapp sync because function is not enabled." date="2025-08-03T23:13:18.638" /><!-- duration: 6ms -->
                  <step title="Purge deployment items" date="2025-08-03T23:13:19.790" >
                    <step title="Remove c36a6adf-, Success, received at 08/03/2025 21:25:50" date="2025-08-03T23:13:19.869" /><!-- duration: 5ms -->
                  </step><!-- duration: 87ms -->
                </step><!-- duration: 156436ms -->
              </step><!-- duration: 156679ms -->
              <step title="Cleaning up temp files" date="2025-08-03T23:13:19.963" /><!-- duration: 827ms -->
              <step title="Cleaning up temp files" date="2025-08-03T23:13:20.793" /><!-- duration: 554ms -->
              <step title="Reloading status file with latest updates" date="2025-08-03T23:13:21.387" >
                <step title="WebHooksManager.PublishEventAsync: PostDeployment" date="2025-08-03T23:13:21.400" /><!-- duration: 108ms -->
              </step><!-- duration: 126ms -->
              <step title="Cleaning up temporary deployment - fetch deployment was successful" date="2025-08-03T23:13:21.528" /><!-- duration: 3ms -->
            </step><!-- duration: 158507ms -->
          </step><!-- duration: 160590ms -->
          <step title="Outgoing response" date="2025-08-03T23:13:21.695" type="response" statusCode="200" statusText="OK" /><!-- duration: 8ms -->
        </step><!-- duration: 160679ms -->
