<step title="Incoming Request" date="2025-08-04T02:35:25.662" instance="e2467e" url="/api/zipdeploy?isAsync=true" method="POST" type="request" pid="768,1,24" Accept="*/*" Host="white-label-chat-km-cxhkhjd0aecsf9ah.scm.centralus-01.azurewebsites.net" User-Agent="AZURECLI/2.75.0 (MSI)" Accept-Encoding="gzip, deflate" Authorization="Bas..." Cache-Control="no-cache" Content-Type="application/octet-stream" Cookie="ARRAffinity=e2467e47d35990645d1677416288076d773dc49712609e83213855e07b4fc62f; ARRAffinitySameSite=e2467e47d35990645d1677416288076d773dc49712609e83213855e07b4fc62f" Content-Length="59553" x-ms-client-request-id="a973b399-70db-11f0-8e21-9c67d682987a" x-ms-artifact-checksum="8c80302092dce5d0f186c18658511ad5a2021e3062df0a20aec653c7d0671a58" X-ARR-LOG-ID="a973b399-70db-11f0-8e21-9c67d682987a" CLIENT-IP="167.248.114.72:54610" X-SITE-DEPLOYMENT-ID="white-label-chat-km" WAS-DEFAULT-HOSTNAME="white-label-chat-km-cxhkhjd0aecsf9ah.scm.centralus-01.azurewebsites.net" X-Forwarded-Proto="https" X-AppService-Proto="https" X-Forwarded-TlsVersion="1.3" X-WAWS-Unencoded-URL="/api/zipdeploy?isAsync=true" X-Client-IP="167.248.114.72" X-Client-Port="54610" >
  <step title="ZipPushDeploy" date="2025-08-04T02:35:25.722" >
    <step title="ZipDeploy. Extract zip. Remote build." date="2025-08-04T02:35:25.733" /><!-- duration: 2ms -->
    <step title="Starting PushDeployAsync" date="2025-08-04T02:35:25.744" /><!-- duration: 4ms -->
    <step title="Writing artifact to /tmp/zipdeploy/2b06f768-c10e-43b3-8dfa-ae3ccf59b3ca.zip" date="2025-08-04T02:35:25.762" >
      <step title="Writing multipart request body to /tmp/zipdeploy/2b06f768-c10e-43b3-8dfa-ae3ccf59b3ca.zip" date="2025-08-04T02:35:25.770" /><!-- duration: 23ms -->
    </step><!-- duration: 148ms -->
    <step title="Removing previous build artifact&apos;s manifest file" date="2025-08-04T02:35:25.922" >
      <step title="Start deployment in the background" date="2025-08-04T02:35:25.954" >
        <step title="Acquiring Deployment Lock" date="2025-08-04T02:35:26.028" /><!-- duration: 11ms -->
        <step title="Acquired Deployment Lock" date="2025-08-04T02:35:26.073" /><!-- duration: 3ms -->
      </step><!-- duration: 222ms -->
    </step><!-- duration: 283ms -->
    <step title="Outgoing response" date="2025-08-04T02:35:26.210" type="response" statusCode="202" statusText="Accepted" /><!-- duration: 3ms -->
  </step><!-- duration: 495ms -->
