<step title="Incoming Request" date="2025-08-04T00:11:04.930" instance="e2467e" url="/api/publish?type=zip" method="POST" type="request" pid="767,1,49" Accept="*/*" Host="white-label-chat-km-cxhkhjd0aecsf9ah.scm.centralus-01.azurewebsites.net" User-Agent="AZURECLI/2.75.0 (MSI)" Accept-Encoding="gzip, deflate" Authorization="Bas..." Cache-Control="no-cache" Content-Type="application/octet-stream" Cookie="ARRAffinity=e2467e47d35990645d1677416288076d773dc49712609e83213855e07b4fc62f; ARRAffinitySameSite=e2467e47d35990645d1677416288076d773dc49712609e83213855e07b4fc62f" Content-Length="51191" x-ms-client-request-id="7bb1732c-70c7-11f0-8eef-9c67d682987a" x-ms-artifact-checksum="aafebcf68511d31e9decf87857d2d07029c883e842d03364674160793c72a0c3" X-ARR-LOG-ID="7bb1732c-70c7-11f0-8eef-9c67d682987a" CLIENT-IP="167.248.114.72:65410" X-SITE-DEPLOYMENT-ID="white-label-chat-km" WAS-DEFAULT-HOSTNAME="white-label-chat-km-cxhkhjd0aecsf9ah.scm.centralus-01.azurewebsites.net" X-Forwarded-Proto="https" X-AppService-Proto="https" X-Forwarded-TlsVersion="1.3" X-WAWS-Unencoded-URL="/api/publish?type=zip" X-Client-IP="167.248.114.72" X-Client-Port="65410" >
  <step title="OneDeploy" date="2025-08-04T00:11:04.964" >
    <step title="Starting PushDeployAsync" date="2025-08-04T00:11:04.973" /><!-- duration: 2ms -->
    <step title="Writing artifact to /tmp/zipdeploy/4dbe8383-03c7-4818-bd90-191f7ff74dc5.zip" date="2025-08-04T00:11:04.986" >
      <step title="Writing multipart request body to /tmp/zipdeploy/4dbe8383-03c7-4818-bd90-191f7ff74dc5.zip" date="2025-08-04T00:11:04.994" /><!-- duration: 3ms -->
    </step><!-- duration: 65ms -->
    <step title="Removing previous build artifact&apos;s manifest file" date="2025-08-04T00:11:05.070" >
      <step title="Attempting to fetch target branch HEAD" date="2025-08-04T00:11:05.091" /><!-- duration: 2ms -->
      <step title="Acquiring Deployment Lock" date="2025-08-04T00:11:05.099" /><!-- duration: 3ms -->
      <step title="Acquired Deployment Lock" date="2025-08-04T00:11:05.180" /><!-- duration: 6ms -->
      <step title="Performing fetch based deployment" date="2025-08-04T00:11:05.195" >
        <step title="Creating temporary deployment" date="2025-08-04T00:11:05.206" /><!-- duration: 74ms -->
        <step title="Releasing Deployment Lock" date="2025-08-04T00:11:06.429" /><!-- duration: 7ms -->
        <step title="Cleaning up temp folders from previous zip deployments and extracting pushed zip file /tmp/zipdeploy/4dbe8383-03c7-4818-bd90-191f7ff74dc5.zip (0.05 MB) to /tmp/zipdeploy/extracted" date="2025-08-04T00:11:06.484" >
          <step title="ChmodRecursive Process exited with total time taken in ms: 157" date="2025-08-04T00:11:06.711" /><!-- duration: 9ms -->
        </step><!-- duration: 246ms -->
        <step title="None repository commit" date="2025-08-04T00:11:06.742" >
          <step title="Commit id: f775c4c7-4bf1-4bf2-9209-b1f7455bd2f8" date="2025-08-04T00:11:06.746" Message="OneDeploy" AuthorName="N/A" AuthorEmail="N/A" /><!-- duration: 4ms -->
        </step><!-- duration: 13ms -->
        <step title="Deployment timer started" date="2025-08-04T00:11:08.759" >
          <step title="DeploymentManager.Deploy(id:f775c4c7-4bf1-4bf2-9209-b1f7455bd2f8)" date="2025-08-04T00:11:08.768" >
            <step title="Collecting changeset information" date="2025-08-04T00:11:08.802" /><!-- duration: 80ms -->
            <step title="Updating submodules" date="2025-08-04T00:11:08.891" /><!-- duration: 1123ms -->
            <step title="Determining deployment builder" date="2025-08-04T00:11:10.249" >
              <step title="Builder is OryxBuilder" date="2025-08-04T00:11:10.270" /><!-- duration: 4ms -->
            </step><!-- duration: 29ms -->
            <step title="PreDeployment: context.CleanOutputPath False" date="2025-08-04T00:11:10.330" >
              <step title="PreDeployment: context.OutputPath /home/site/wwwroot" date="2025-08-04T00:11:10.484" >
                <step title="Building" date="2025-08-04T00:11:10.611" >
                  <step title="Executing external process" date="2025-08-04T00:11:10.956" type="process" path="bash" arguments="-c &quot;oryx build /tmp/zipdeploy/extracted -o /home/site/wwwroot --platform python --platform-version 3.11 -p virtualenv_name=antenv --log-file /tmp/build-debug.log  -i /tmp/8ddd2eb6a8787ea --compress-destination-dir | tee /tmp/oryx-build.log ; exit $PIPESTATUS &quot;" /><!-- duration: 103986ms -->
                  <step title="Using PythonDeploymentLogParser" date="2025-08-04T00:12:55.348" /><!-- duration: 3ms -->
                  <step title="Modified file to trigger a restart of the app container." date="2025-08-04T00:12:56.743" /><!-- duration: 8ms -->
                  <step title="Skip function trigger and logicapp sync because function is not enabled." date="2025-08-04T00:12:56.769" /><!-- duration: 6ms -->
                  <step title="Purge deployment items" date="2025-08-04T00:12:57.853" >
                    <step title="Remove 4555896a-, Success, received at 08/03/2025 22:17:38" date="2025-08-04T00:12:57.913" /><!-- duration: 4ms -->
                  </step><!-- duration: 68ms -->
                </step><!-- duration: 107374ms -->
              </step><!-- duration: 107505ms -->
              <step title="Cleaning up temp files" date="2025-08-04T00:12:57.993" /><!-- duration: 703ms -->
              <step title="Cleaning up temp files" date="2025-08-04T00:12:58.699" /><!-- duration: 523ms -->
              <step title="Reloading status file with latest updates" date="2025-08-04T00:12:59.267" >
                <step title="WebHooksManager.PublishEventAsync: PostDeployment" date="2025-08-04T00:12:59.275" /><!-- duration: 37ms -->
              </step><!-- duration: 49ms -->
              <step title="Cleaning up temporary deployment - fetch deployment was successful" date="2025-08-04T00:12:59.327" /><!-- duration: 3ms -->
            </step><!-- duration: 109047ms -->
          </step><!-- duration: 110617ms -->
          <step title="Outgoing response" date="2025-08-04T00:12:59.408" type="response" statusCode="200" statusText="OK" /><!-- duration: 4ms -->
        </step><!-- duration: 110656ms -->
