<step title="BackgroundTrace" date="2025-08-03T20:48:59.413" instance="e2467e" url="/api/zipdeploy" method="POST" >
  <step title="Creating temporary deployment - FetchDeploymentManager" date="2025-08-03T20:48:59.552" /><!-- duration: 4ms -->
  <step title="Creating temporary deployment" date="2025-08-03T20:48:59.561" /><!-- duration: 177ms -->
  <step title="Performing fetch based deployment" date="2025-08-03T20:48:59.842" >
    <step title="Cleaning up temp folders from previous zip deployments and extracting pushed zip file /tmp/zipdeploy/6f88a713-4269-48fe-a082-f7bcef054a62.zip (0.01 MB) to /tmp/zipdeploy/extracted" date="2025-08-03T20:49:01.105" >
      <step title="ChmodRecursive Process exited with total time taken in ms: 292" date="2025-08-03T20:49:01.475" /><!-- duration: 17ms -->
    </step><!-- duration: 398ms -->
    <step title="Deployment timer started" date="2025-08-03T20:49:03.569" >
      <step title="DeploymentManager.Deploy(id:1d9adfb6-5293-413f-b458-830b69bc16ed)" date="2025-08-03T20:49:03.585" >
        <step title="Collecting changeset information" date="2025-08-03T20:49:03.615" /><!-- duration: 129ms -->
        <step title="Updating submodules" date="2025-08-03T20:49:03.752" /><!-- duration: 1123ms -->
        <step title="Determining deployment builder" date="2025-08-03T20:49:05.425" >
          <step title="Builder is OryxBuilder" date="2025-08-03T20:49:05.492" /><!-- duration: 7ms -->
        </step><!-- duration: 95ms -->
        <step title="PreDeployment: context.CleanOutputPath False" date="2025-08-03T20:49:05.558" >
          <step title="PreDeployment: context.OutputPath /home/site/wwwroot" date="2025-08-03T20:49:05.662" >
            <step title="Building" date="2025-08-03T20:49:05.814" >
              <step title="Executing external process" date="2025-08-03T20:49:06.240" type="process" path="bash" arguments="-c &quot;oryx build /tmp/zipdeploy/extracted -o /home/site/wwwroot --platform python --platform-version 3.11 -p virtualenv_name=antenv --log-file /tmp/build-debug.log  -i /tmp/8ddd2cf2f9c1c4c --compress-destination-dir | tee /tmp/oryx-build.log ; exit $PIPESTATUS &quot;" /><!-- duration: 75860ms -->
              <step title="Using PythonDeploymentLogParser" date="2025-08-03T20:50:22.505" /><!-- duration: 12ms -->
              <step title="Triggering recycle (preview mode disabled)." date="2025-08-03T20:50:23.632" /><!-- duration: 17ms -->
              <step title="Modified file to trigger a restart of the app container." date="2025-08-03T20:50:23.700" /><!-- duration: 4ms -->
              <step title="Skip function trigger and logicapp sync because function is not enabled." date="2025-08-03T20:50:23.751" /><!-- duration: 4ms -->
            </step><!-- duration: 78538ms -->
          </step><!-- duration: 78693ms -->
          <step title="Cleaning up temp files" date="2025-08-03T20:50:24.358" /><!-- duration: 318ms -->
          <step title="Cleaning up temp files" date="2025-08-03T20:50:24.685" /><!-- duration: 520ms -->
          <step title="Reloading status file with latest updates" date="2025-08-03T20:50:25.230" >
            <step title="WebHooksManager.PublishEventAsync: PostDeployment" date="2025-08-03T20:50:25.244" /><!-- duration: 111ms -->
          </step><!-- duration: 136ms -->
          <step title="Cleaning up temporary deployment - fetch deployment was successful" date="2025-08-03T20:50:25.375" /><!-- duration: 4ms -->
        </step><!-- duration: 79866ms -->
      </step><!-- duration: 81861ms -->
