<step title="Incoming Request" date="2025-08-03T22:26:21.282" instance="e2467e" url="/api/publish?type=zip" method="POST" type="request" pid="767,1,33" Accept="*/*" Host="white-label-chat-km-cxhkhjd0aecsf9ah.scm.centralus-01.azurewebsites.net" User-Agent="AZURECLI/2.75.0 (MSI)" Accept-Encoding="gzip, deflate" Authorization="Bas..." Cache-Control="no-cache" Content-Type="application/octet-stream" Cookie="ARRAffinity=e2467e47d35990645d1677416288076d773dc49712609e83213855e07b4fc62f; ARRAffinitySameSite=e2467e47d35990645d1677416288076d773dc49712609e83213855e07b4fc62f" Content-Length="5993670" x-ms-client-request-id="dbdecebc-70b8-11f0-94d5-9c67d682987a" x-ms-artifact-checksum="64132ff8a5d9f00bc6155f008d3a60687b369e8e605b5f61a95c2ec43fec1928" X-ARR-LOG-ID="dbdecebc-70b8-11f0-94d5-9c67d682987a" CLIENT-IP="167.248.114.72:59715" X-SITE-DEPLOYMENT-ID="white-label-chat-km" WAS-DEFAULT-HOSTNAME="white-label-chat-km-cxhkhjd0aecsf9ah.scm.centralus-01.azurewebsites.net" X-Forwarded-Proto="https" X-AppService-Proto="https" X-Forwarded-TlsVersion="1.3" X-WAWS-Unencoded-URL="/api/publish?type=zip" X-Client-IP="167.248.114.72" X-Client-Port="59715" >
  <step title="OneDeploy" date="2025-08-03T22:26:21.320" >
    <step title="Starting PushDeployAsync" date="2025-08-03T22:26:21.344" /><!-- duration: 7ms -->
    <step title="Writing artifact to /tmp/zipdeploy/454530b5-3885-45ce-b59f-db98287f5a37.zip" date="2025-08-03T22:26:21.383" >
      <step title="Writing multipart request body to /tmp/zipdeploy/454530b5-3885-45ce-b59f-db98287f5a37.zip" date="2025-08-03T22:26:21.403" /><!-- duration: 17ms -->
    </step><!-- duration: 451ms -->
    <step title="Removing previous build artifact&apos;s manifest file" date="2025-08-03T22:26:21.845" >
      <step title="Attempting to fetch target branch HEAD" date="2025-08-03T22:26:21.869" /><!-- duration: 2ms -->
      <step title="Acquiring Deployment Lock" date="2025-08-03T22:26:21.875" /><!-- duration: 7ms -->
      <step title="Acquired Deployment Lock" date="2025-08-03T22:26:21.925" /><!-- duration: 6ms -->
      <step title="Performing fetch based deployment" date="2025-08-03T22:26:21.941" >
        <step title="Creating temporary deployment" date="2025-08-03T22:26:21.944" /><!-- duration: 67ms -->
        <step title="Releasing Deployment Lock" date="2025-08-03T22:26:23.202" >
        <step title="Cleaning up temp folders from previous zip deployments and extracting pushed zip file /tmp/zipdeploy/454530b5-3885-45ce-b59f-db98287f5a37.zip (5.72 MB) to /tmp/zipdeploy/extracted" date="2025-08-03T22:26:23.215" >
          <step title="ChmodRecursive Process exited with total time taken in ms: 157" date="2025-08-03T22:26:23.957" /><!-- duration: 6ms -->
        </step><!-- duration: 753ms -->
        <step title="None repository commit" date="2025-08-03T22:26:23.986" >
          <step title="Commit id: 6b9aeea0-60d6-4c96-b50f-1cdd2f76b366" date="2025-08-03T22:26:23.999" Message="OneDeploy" AuthorName="N/A" AuthorEmail="N/A" /><!-- duration: 6ms -->
        </step><!-- duration: 23ms -->
        <step title="Deployment timer started" date="2025-08-03T22:26:26.016" >
          <step title="DeploymentManager.Deploy(id:6b9aeea0-60d6-4c96-b50f-1cdd2f76b366)" date="2025-08-03T22:26:26.036" >
            <step title="Collecting changeset information" date="2025-08-03T22:26:26.112" /><!-- duration: 154ms -->
            <step title="Updating submodules" date="2025-08-03T22:26:26.288" /><!-- duration: 1146ms -->
            <step title="Determining deployment builder" date="2025-08-03T22:26:27.651" >
              <step title="Builder is OryxBuilder" date="2025-08-03T22:26:27.675" /><!-- duration: 7ms -->
            </step><!-- duration: 35ms -->
            <step title="PreDeployment: context.CleanOutputPath False" date="2025-08-03T22:26:27.738" >
              <step title="PreDeployment: context.OutputPath /home/site/wwwroot" date="2025-08-03T22:26:27.846" >
                <step title="Building" date="2025-08-03T22:26:27.981" >
                  <step title="Executing external process" date="2025-08-03T22:26:28.299" type="process" path="bash" arguments="-c &quot;oryx build /tmp/zipdeploy/extracted -o /home/site/wwwroot --platform python --platform-version 3.11 -p virtualenv_name=antenv --log-file /tmp/build-debug.log  -i /tmp/8ddd2dcc9cf5ffd --compress-destination-dir | tee /tmp/oryx-build.log ; exit $PIPESTATUS &quot;" >
                    <step title="Cpu: python(1693,27.460s)+ts(1694,0.110s)+build.sh(1692,0.000s)+build.sh(1691,0.000s)+build.sh(1610,0.070s)+oryx(1590,4.450s)+tee(1591,0.000s)+bash(1589,0.000s)=total(32.080s)" date="2025-08-03T22:27:51.842" /><!-- duration: 20ms -->
                    <step title="bash: no io activity for 60s, prev-cpu=-1.000s, current-cpu=32.080s" date="2025-08-03T22:27:51.901" /><!-- duration: 9ms -->
                  </step><!-- duration: 130317ms -->
                  <step title="Using PythonDeploymentLogParser" date="2025-08-03T22:28:39.050" /><!-- duration: 19ms -->
                  <step title="Modified file to trigger a restart of the app container." date="2025-08-03T22:28:40.157" /><!-- duration: 19ms -->
                  <step title="Skip function trigger and logicapp sync because function is not enabled." date="2025-08-03T22:28:40.198" /><!-- duration: 19ms -->
                  <step title="Purge deployment items" date="2025-08-03T22:28:41.270" >
                    <step title="Remove 1d9adfb6-, Success, received at 08/03/2025 20:49:03" date="2025-08-03T22:28:41.348" /><!-- duration: 4ms -->
                  </step><!-- duration: 89ms -->
                </step><!-- duration: 133438ms -->
              </step><!-- duration: 133593ms -->
              <step title="Cleaning up temp files" date="2025-08-03T22:28:41.449" /><!-- duration: 1702ms -->
              <step title="Cleaning up temp files" date="2025-08-03T22:28:43.172" /><!-- duration: 539ms -->
              <step title="Reloading status file with latest updates" date="2025-08-03T22:28:43.780" >
                <step title="WebHooksManager.PublishEventAsync: PostDeployment" date="2025-08-03T22:28:43.798" /><!-- duration: 72ms -->
              </step><!-- duration: 105ms -->
              <step title="Cleaning up temporary deployment - fetch deployment was successful" date="2025-08-03T22:28:43.909" /><!-- duration: 17ms -->
            </step><!-- duration: 136397ms -->
          </step><!-- duration: 138114ms -->
          <step title="Outgoing response" date="2025-08-03T22:28:44.298" type="response" statusCode="200" statusText="OK" /><!-- duration: 11ms -->
        </step><!-- duration: 138302ms -->
