<step title="Incoming Request" date="2025-08-04T00:26:46.397" instance="e2467e" url="/api/publish?type=zip" method="POST" type="request" pid="768,1,22" Accept="*/*" Host="white-label-chat-km-cxhkhjd0aecsf9ah.scm.centralus-01.azurewebsites.net" User-Agent="AZURECLI/2.75.0 (MSI)" Accept-Encoding="gzip, deflate" Authorization="Bas..." Cache-Control="no-cache" Content-Type="application/octet-stream" Cookie="ARRAffinity=e2467e47d35990645d1677416288076d773dc49712609e83213855e07b4fc62f; ARRAffinitySameSite=e2467e47d35990645d1677416288076d773dc49712609e83213855e07b4fc62f" Content-Length="3963" x-ms-client-request-id="ac75965e-70c9-11f0-bb2e-9c67d682987a" x-ms-artifact-checksum="da044aed7dd398ec29f48395a6aea5e9ea758d0d89a1ad29726385b624fa988b" X-ARR-LOG-ID="ac75965e-70c9-11f0-bb2e-9c67d682987a" CLIENT-IP="167.248.114.72:49988" X-SITE-DEPLOYMENT-ID="white-label-chat-km" WAS-DEFAULT-HOSTNAME="white-label-chat-km-cxhkhjd0aecsf9ah.scm.centralus-01.azurewebsites.net" X-Forwarded-Proto="https" X-AppService-Proto="https" X-Forwarded-TlsVersion="1.3" X-WAWS-Unencoded-URL="/api/publish?type=zip" X-Client-IP="167.248.114.72" X-Client-Port="49988" >
  <step title="OneDeploy" date="2025-08-04T00:26:46.411" >
    <step title="Starting PushDeployAsync" date="2025-08-04T00:26:46.422" /><!-- duration: 3ms -->
    <step title="Writing artifact to /tmp/zipdeploy/fa9b94de-b1d2-45d5-9072-c0b4ab2d535e.zip" date="2025-08-04T00:26:46.435" >
      <step title="Writing multipart request body to /tmp/zipdeploy/fa9b94de-b1d2-45d5-9072-c0b4ab2d535e.zip" date="2025-08-04T00:26:46.444" /><!-- duration: 9ms -->
    </step><!-- duration: 40ms -->
    <step title="Removing previous build artifact&apos;s manifest file" date="2025-08-04T00:26:46.503" >
      <step title="Attempting to fetch target branch HEAD" date="2025-08-04T00:26:46.522" /><!-- duration: 3ms -->
      <step title="Acquiring Deployment Lock" date="2025-08-04T00:26:46.528" /><!-- duration: 5ms -->
      <step title="Acquired Deployment Lock" date="2025-08-04T00:26:46.583" /><!-- duration: 4ms -->
      <step title="Performing fetch based deployment" date="2025-08-04T00:26:46.605" >
        <step title="Creating temporary deployment" date="2025-08-04T00:26:46.614" /><!-- duration: 87ms -->
        <step title="Releasing Deployment Lock" date="2025-08-04T00:26:47.922" /><!-- duration: 19ms -->
        <step title="Cleaning up temp folders from previous zip deployments and extracting pushed zip file /tmp/zipdeploy/fa9b94de-b1d2-45d5-9072-c0b4ab2d535e.zip (0.00 MB) to /tmp/zipdeploy/extracted" date="2025-08-04T00:26:47.999" >
          <step title="ChmodRecursive Process exited with total time taken in ms: 109" date="2025-08-04T00:26:48.158" /><!-- duration: 10ms -->
        </step><!-- duration: 176ms -->
        <step title="None repository commit" date="2025-08-04T00:26:48.184" >
          <step title="Commit id: 11e9c97d-8d72-4aef-85d8-a1f3ad405d3e" date="2025-08-04T00:26:48.194" Message="OneDeploy" AuthorName="N/A" AuthorEmail="N/A" /><!-- duration: 4ms -->
        </step><!-- duration: 17ms -->
        <step title="Deployment timer started" date="2025-08-04T00:26:50.207" >
          <step title="DeploymentManager.Deploy(id:11e9c97d-8d72-4aef-85d8-a1f3ad405d3e)" date="2025-08-04T00:26:50.215" >
            <step title="Collecting changeset information" date="2025-08-04T00:26:50.252" /><!-- duration: 96ms -->
            <step title="Updating submodules" date="2025-08-04T00:26:50.357" /><!-- duration: 1128ms -->
            <step title="Determining deployment builder" date="2025-08-04T00:26:51.712" >
              <step title="Builder is OryxBuilder" date="2025-08-04T00:26:51.731" /><!-- duration: 8ms -->
            </step><!-- duration: 31ms -->
            <step title="PreDeployment: context.CleanOutputPath False" date="2025-08-04T00:26:51.799" >
              <step title="PreDeployment: context.OutputPath /home/site/wwwroot" date="2025-08-04T00:26:51.913" >
                <step title="Building" date="2025-08-04T00:26:52.034" >
                  <step title="Executing external process" date="2025-08-04T00:26:52.407" type="process" path="bash" arguments="-c &quot;oryx build /tmp/zipdeploy/extracted -o /home/site/wwwroot --platform python --platform-version 3.11 -p virtualenv_name=antenv --log-file /tmp/build-debug.log  -i /tmp/8ddd2ed9bb07344 --compress-destination-dir | tee /tmp/oryx-build.log ; exit $PIPESTATUS &quot;" /><!-- duration: 54179ms -->
                  <step title="Using PythonDeploymentLogParser" date="2025-08-04T00:27:46.965" /><!-- duration: 4ms -->
                  <step title="Modified file to trigger a restart of the app container." date="2025-08-04T00:27:48.100" /><!-- duration: 7ms -->
                  <step title="Skip function trigger and logicapp sync because function is not enabled." date="2025-08-04T00:27:48.112" /><!-- duration: 6ms -->
                  <step title="Purge deployment items" date="2025-08-04T00:27:49.214" >
                    <step title="Remove temp-91c7, Pending, received at 08/04/2025 00:26:46" date="2025-08-04T00:27:49.264" /><!-- duration: 6ms -->
                    <step title="Remove db4cf1e3-, Success, received at 08/03/2025 22:31:35" date="2025-08-04T00:27:49.315" /><!-- duration: 4ms -->
                  </step><!-- duration: 108ms -->
                </step><!-- duration: 57352ms -->
              </step><!-- duration: 57484ms -->
              <step title="Cleaning up temp files" date="2025-08-04T00:27:49.405" /><!-- duration: 243ms -->
              <step title="Cleaning up temp files" date="2025-08-04T00:27:49.652" /><!-- duration: 650ms -->
              <step title="Reloading status file with latest updates" date="2025-08-04T00:27:50.341" >
                <step title="WebHooksManager.PublishEventAsync: PostDeployment" date="2025-08-04T00:27:50.347" /><!-- duration: 42ms -->
              </step><!-- duration: 53ms -->
              <step title="Cleaning up temporary deployment - fetch deployment was successful" date="2025-08-04T00:27:50.402" /><!-- duration: 5ms -->
            </step><!-- duration: 58691ms -->
          </step><!-- duration: 60303ms -->
          <step title="Outgoing response" date="2025-08-04T00:27:50.541" type="response" statusCode="200" statusText="OK" /><!-- duration: 6ms -->
        </step><!-- duration: 60344ms -->
