<step title="BackgroundTrace" date="2025-08-04T02:35:25.978" instance="e2467e" url="/api/zipdeploy" method="POST" >
  <step title="Creating temporary deployment - FetchDeploymentManager" date="2025-08-04T02:35:26.078" /><!-- duration: 2ms -->
  <step title="Creating temporary deployment" date="2025-08-04T02:35:26.085" /><!-- duration: 86ms -->
  <step title="Performing fetch based deployment" date="2025-08-04T02:35:26.225" >
    <step title="Cleaning up temp folders from previous zip deployments and extracting pushed zip file /tmp/zipdeploy/2b06f768-c10e-43b3-8dfa-ae3ccf59b3ca.zip (0.06 MB) to /tmp/zipdeploy/extracted" date="2025-08-04T02:35:27.471" >
      <step title="ChmodRecursive Process exited with total time taken in ms: 104" date="2025-08-04T02:35:27.717" /><!-- duration: 10ms -->
    </step><!-- duration: 267ms -->
    <step title="Deployment timer started" date="2025-08-04T02:35:29.758" >
      <step title="DeploymentManager.Deploy(id:17eefd9f-a5c5-4d37-8ac8-efc6c8d9e32a)" date="2025-08-04T02:35:29.818" >
        <step title="Collecting changeset information" date="2025-08-04T02:35:29.893" /><!-- duration: 263ms -->
        <step title="Updating submodules" date="2025-08-04T02:35:30.186" /><!-- duration: 1306ms -->
        <step title="Determining deployment builder" date="2025-08-04T02:35:32.022" >
          <step title="Builder is OryxBuilder" date="2025-08-04T02:35:32.051" /><!-- duration: 4ms -->
        </step><!-- duration: 51ms -->
        <step title="PreDeployment: context.CleanOutputPath False" date="2025-08-04T02:35:32.133" >
          <step title="PreDeployment: context.OutputPath /home/site/wwwroot" date="2025-08-04T02:35:32.250" >
            <step title="Building" date="2025-08-04T02:35:32.654" >
              <step title="Executing external process" date="2025-08-04T02:35:32.969" type="process" path="bash" arguments="-c &quot;oryx build /tmp/zipdeploy/extracted -o /home/site/wwwroot --platform python --platform-version 3.11 -p virtualenv_name=antenv --log-file /tmp/build-debug.log  -i /tmp/8ddd2ff955b732b --compress-destination-dir | tee /tmp/oryx-build.log ; exit $PIPESTATUS &quot;" /><!-- duration: 97735ms -->
              <step title="Using PythonDeploymentLogParser" date="2025-08-04T02:37:11.891" /><!-- duration: 20ms -->
              <step title="Triggering recycle (preview mode disabled)." date="2025-08-04T02:37:14.623" /><!-- duration: 38ms -->
              <step title="Modified file to trigger a restart of the app container." date="2025-08-04T02:37:14.759" /><!-- duration: 11ms -->
              <step title="Skip function trigger and logicapp sync because function is not enabled." date="2025-08-04T02:37:14.796" /><!-- duration: 56ms -->
              <step title="Purge deployment items" date="2025-08-04T02:37:16.454" >
                <step title="Remove temp-61e9, Pending, received at 08/04/2025 02:35:26" date="2025-08-04T02:37:16.610" /><!-- duration: 10ms -->
                <step title="Remove 96885263-, Success, received at 08/03/2025 22:59:10" date="2025-08-04T02:37:16.766" /><!-- duration: 18ms -->
              </step><!-- duration: 378ms -->
            </step><!-- duration: 104256ms -->
          </step><!-- duration: 104678ms -->
          <step title="Cleaning up temp files" date="2025-08-04T02:37:16.939" /><!-- duration: 4164ms -->
          <step title="Cleaning up temp files" date="2025-08-04T02:37:21.129" /><!-- duration: 525ms -->
          <step title="Reloading status file with latest updates" date="2025-08-04T02:37:21.714" >
            <step title="WebHooksManager.PublishEventAsync: PostDeployment" date="2025-08-04T02:37:21.732" /><!-- duration: 88ms -->
          </step><!-- duration: 117ms -->
          <step title="Cleaning up temporary deployment - fetch deployment was successful" date="2025-08-04T02:37:21.843" /><!-- duration: 10ms -->
        </step><!-- duration: 109777ms -->
      </step><!-- duration: 112151ms -->
