<step title="Incoming Request" date="2025-08-03T22:37:23.650" instance="e2467e" url="/api/publish?type=zip" method="POST" type="request" pid="767,1,21" Accept="*/*" Host="white-label-chat-km-cxhkhjd0aecsf9ah.scm.centralus-01.azurewebsites.net" User-Agent="AZURECLI/2.75.0 (MSI)" Accept-Encoding="gzip, deflate" Authorization="Bas..." Cache-Control="no-cache" Content-Type="application/octet-stream" Cookie="ARRAffinity=e2467e47d35990645d1677416288076d773dc49712609e83213855e07b4fc62f; ARRAffinitySameSite=e2467e47d35990645d1677416288076d773dc49712609e83213855e07b4fc62f" Content-Length="5994574" x-ms-client-request-id="644d4415-70ba-11f0-b0c4-9c67d682987a" x-ms-artifact-checksum="e9444263d90d4b6f634117008b65b00f95cf5c8cb32d71d5630568b85427a417" X-ARR-LOG-ID="644d4415-70ba-11f0-b0c4-9c67d682987a" CLIENT-IP="167.248.114.72:60434" X-SITE-DEPLOYMENT-ID="white-label-chat-km" WAS-DEFAULT-HOSTNAME="white-label-chat-km-cxhkhjd0aecsf9ah.scm.centralus-01.azurewebsites.net" X-Forwarded-Proto="https" X-AppService-Proto="https" X-Forwarded-TlsVersion="1.3" X-WAWS-Unencoded-URL="/api/publish?type=zip" X-Client-IP="167.248.114.72" X-Client-Port="60434" >
  <step title="Cleanup Xml Logs" date="2025-08-03T22:37:23.688" /><!-- duration: 59ms -->
  <step title="OneDeploy" date="2025-08-03T22:37:24.075" >
    <step title="Starting PushDeployAsync" date="2025-08-03T22:37:24.309" /><!-- duration: 93ms -->
    <step title="Writing artifact to /tmp/zipdeploy/9d56eb42-a1e3-476a-9250-e12d0205bbac.zip" date="2025-08-03T22:37:24.434" >
      <step title="Writing multipart request body to /tmp/zipdeploy/9d56eb42-a1e3-476a-9250-e12d0205bbac.zip" date="2025-08-03T22:37:24.444" /><!-- duration: 17ms -->
    </step><!-- duration: 1139ms -->
    <step title="Removing previous build artifact&apos;s manifest file" date="2025-08-03T22:37:25.603" >
      <step title="Attempting to fetch target branch HEAD" date="2025-08-03T22:37:25.660" /><!-- duration: 9ms -->
      <step title="Acquiring Deployment Lock" date="2025-08-03T22:37:25.688" /><!-- duration: 30ms -->
      <step title="Acquired Deployment Lock" date="2025-08-03T22:37:25.956" /><!-- duration: 55ms -->
      <step title="Performing fetch based deployment" date="2025-08-03T22:37:26.091" >
        <step title="Creating temporary deployment" date="2025-08-03T22:37:26.119" /><!-- duration: 251ms -->
        <step title="Releasing Deployment Lock" date="2025-08-03T22:37:27.773" /><!-- duration: 11ms -->
        <step title="Cleaning up temp folders from previous zip deployments and extracting pushed zip file /tmp/zipdeploy/9d56eb42-a1e3-476a-9250-e12d0205bbac.zip (5.72 MB) to /tmp/zipdeploy/extracted" date="2025-08-03T22:37:27.860" >
          <step title="ChmodRecursive Process exited with total time taken in ms: 249" date="2025-08-03T22:37:32.916" /><!-- duration: 21ms -->
        </step><!-- duration: 5104ms -->
        <step title="None repository commit" date="2025-08-03T22:37:32.991" >
          <step title="Commit id: 00657eb7-3ac9-4d4c-a845-1d07486be53d" date="2025-08-03T22:37:33.000" Message="OneDeploy" AuthorName="N/A" AuthorEmail="N/A" /><!-- duration: 19ms -->
        </step><!-- duration: 77ms -->
        <step title="Deployment timer started" date="2025-08-03T22:37:35.141" >
          <step title="DeploymentManager.Deploy(id:00657eb7-3ac9-4d4c-a845-1d07486be53d)" date="2025-08-03T22:37:35.217" >
            <step title="Collecting changeset information" date="2025-08-03T22:37:35.325" /><!-- duration: 321ms -->
            <step title="Updating submodules" date="2025-08-03T22:37:35.743" /><!-- duration: 1550ms -->
            <step title="Determining deployment builder" date="2025-08-03T22:37:38.313" >
              <step title="Builder is OryxBuilder" date="2025-08-03T22:37:38.510" /><!-- duration: 30ms -->
            </step><!-- duration: 304ms -->
            <step title="PreDeployment: context.CleanOutputPath False" date="2025-08-03T22:37:38.870" >
              <step title="PreDeployment: context.OutputPath /home/site/wwwroot" date="2025-08-03T22:37:39.671" >
                <step title="Building" date="2025-08-03T22:37:40.449" >
                  <step title="Executing external process" date="2025-08-03T22:37:42.768" type="process" path="bash" arguments="-c &quot;oryx build /tmp/zipdeploy/extracted -o /home/site/wwwroot --platform python --platform-version 3.11 -p virtualenv_name=antenv --log-file /tmp/build-debug.log  -i /tmp/8ddd2de59bf2c8c --compress-destination-dir | tee /tmp/oryx-build.log ; exit $PIPESTATUS &quot;" 