<step title="Incoming Request" date="2025-08-03T22:31:30.666" instance="e2467e" url="/api/publish?type=zip" method="POST" type="request" pid="767,1,33" Accept="*/*" Host="white-label-chat-km-cxhkhjd0aecsf9ah.scm.centralus-01.azurewebsites.net" User-Agent="AZURECLI/2.75.0 (MSI)" Accept-Encoding="gzip, deflate" Authorization="Bas..." Cache-Control="no-cache" Content-Type="application/octet-stream" Cookie="ARRAffinity=e2467e47d35990645d1677416288076d773dc49712609e83213855e07b4fc62f; ARRAffinitySameSite=e2467e47d35990645d1677416288076d773dc49712609e83213855e07b4fc62f" Content-Length="5992735" x-ms-client-request-id="9400d32a-70b9-11f0-afe3-9c67d682987a" x-ms-artifact-checksum="c860699b74af13b58fe7081b9392078509060e772e1951104dc54ead379491ad" X-ARR-LOG-ID="9400d32a-70b9-11f0-afe3-9c67d682987a" CLIENT-IP="167.248.114.72:60026" X-SITE-DEPLOYMENT-ID="white-label-chat-km" WAS-DEFAULT-HOSTNAME="white-label-chat-km-cxhkhjd0aecsf9ah.scm.centralus-01.azurewebsites.net" X-Forwarded-Proto="https" X-AppService-Proto="https" X-Forwarded-TlsVersion="1.3" X-WAWS-Unencoded-URL="/api/publish?type=zip" X-Client-IP="167.248.114.72" X-Client-Port="60026" >
  <step title="OneDeploy" date="2025-08-03T22:31:30.705" >
    <step title="Starting PushDeployAsync" date="2025-08-03T22:31:30.733" /><!-- duration: 8ms -->
    <step title="Writing artifact to /tmp/zipdeploy/071ad429-ba80-4a78-b69f-7979372f4547.zip" date="2025-08-03T22:31:30.764" >
      <step title="Writing multipart request body to /tmp/zipdeploy/071ad429-ba80-4a78-b69f-7979372f4547.zip" date="2025-08-03T22:31:30.781" /><!-- duration: 50ms -->
    </step><!-- duration: 706ms -->
    <step title="Removing previous build artifact&apos;s manifest file" date="2025-08-03T22:31:31.480" >
      <step title="Attempting to fetch target branch HEAD" date="2025-08-03T22:31:31.506" /><!-- duration: 3ms -->
      <step title="Acquiring Deployment Lock" date="2025-08-03T22:31:31.513" /><!-- duration: 12ms -->
      <step title="Acquired Deployment Lock" date="2025-08-03T22:31:31.561" /><!-- duration: 4ms -->
      <step title="Performing fetch based deployment" date="2025-08-03T22:31:31.574" >
        <step title="Creating temporary deployment" date="2025-08-03T22:31:31.578" /><!-- duration: 79ms -->
        <step title="Releasing Deployment Lock" date="2025-08-03T22:31:32.878" /><!-- duration: 8ms -->
        <step title="Cleaning up temp folders from previous zip deployments and extracting pushed zip file /tmp/zipdeploy/071ad429-ba80-4a78-b69f-7979372f4547.zip (5.72 MB) to /tmp/zipdeploy/extracted" date="2025-08-03T22:31:32.910" >
          <step title="ChmodRecursive Process exited with total time taken in ms: 146" date="2025-08-03T22:31:33.875" /><!-- duration: 6ms -->
        </step><!-- duration: 975ms -->
        <step title="None repository commit" date="2025-08-03T22:31:33.904" >
          <step title="Commit id: db4cf1e3-dd89-498f-a80f-95e389479d1b" date="2025-08-03T22:31:33.908" Message="OneDeploy" AuthorName="N/A" AuthorEmail="N/A" /><!-- duration: 5ms -->
        </step><!-- duration: 12ms -->
        <step title="Deployment timer started" date="2025-08-03T22:31:35.922" >
          <step title="DeploymentManager.Deploy(id:db4cf1e3-dd89-498f-a80f-95e389479d1b)" date="2025-08-03T22:31:35.931" >
            <step title="Collecting changeset information" date="2025-08-03T22:31:35.964" /><!-- duration: 104ms -->
            <step title="Updating submodules" date="2025-08-03T22:31:36.077" /><!-- duration: 1172ms -->
            <step title="Determining deployment builder" date="2025-08-03T22:31:37.466" >
              <step title="Builder is OryxBuilder" date="2025-08-03T22:31:37.488" /><!-- duration: 6ms -->
            </step><!-- duration: 37ms -->
            <step title="PreDeployment: context.CleanOutputPath False" date="2025-08-03T22:31:37.558" >
              <step title="PreDeployment: context.OutputPath /home/site/wwwroot" date="2025-08-03T22:31:37.663" >
                <step title="Building" date="2025-08-03T22:31:37.782" >
                  <step title="Executing external process" date="2025-08-03T22:31:38.100" type="process" path="bash" arguments="-c &quot;oryx build /tmp/zipdeploy/extracted -o /home/site/wwwroot --platform python --platform-version 3.11 -p virtualenv_name=antenv --log-file /tmp/build-debug.log  -i /tmp/8ddd2dd8279554c --compress-destination-dir | tee /tmp/oryx-build.log ; exit $PIPESTATUS &quot;" >
                    <step title="Cpu: python(1908,28.480s)+ts(1909,0.100s)+build.sh(1907,0.000s)+build.sh(1906,0.000s)+build.sh(1824,0.040s)+oryx(1805,3.410s)+tee(1806,0.000s)+bash(1804,0.000s)=total(32.020s)" date="2025-08-03T22:32:58.571" /><!-- duration: 22ms -->
                    <step title="bash: no io activity for 60s, prev-cpu=-1.000s, current-cpu=32.020s" date="2025-08-03T22:32:58.629" /><!-- duration: 19ms -->
                  </step><!-- duration: 126972ms -->
                  <step title="Using PythonDeploymentLogParser" date="2025-08-03T22:33:45.550" /><!-- duration: 10ms -->
                  <step title="Modified file to trigger a restart of the app container." date="2025-08-03T22:33:46.733" /><!-- duration: 8ms -->
                  <step title="Skip function trigger and logicapp sync because function is not enabled." date="2025-08-03T22:33:46.753" /><!-- duration: 11ms -->
                  <step title="Purge deployment items" date="2025-08-03T22:33:47.690" >
                    <step title="Remove 2811b21d-, Success, received at 08/03/2025 20:54:02" date="2025-08-03T22:33:47.757" /><!-- duration: 11ms -->
                  </step><!-- duration: 95ms -->
                </step><!-- duration: 130071ms -->
              </step><!-- duration: 130194ms -->
              <step title="Cleaning up temp files" date="2025-08-03T22:33:47.862" /><!-- duration: 1615ms -->
              <step title="Cleaning up temp files" date="2025-08-03T22:33:49.487" /><!-- duration: 557ms -->
              <step title="Reloading status file with latest updates" date="2025-08-03T22:33:50.093" >
                <step title="WebHooksManager.PublishEventAsync: PostDeployment" date="2025-08-03T22:33:50.110" /><!-- duration: 125ms -->
              </step><!-- duration: 147ms -->
              <step title="Cleaning up temporary deployment - fetch deployment was successful" date="2025-08-03T22:33:50.254" /><!-- duration: 3ms -->
            </step><!-- duration: 132803ms -->
          </step><!-- duration: 134441ms -->
          <step title="Outgoing response" date="2025-08-03T22:33:50.384" type="response" statusCode="200" statusText="OK" /><!-- duration: 46ms -->
        </step><!-- duration: 134520ms -->
