<step title="Incoming Request" date="2025-08-04T00:19:00.654" instance="e2467e" url="/api/publish?type=zip" method="POST" type="request" pid="767,1,44" Accept="*/*" Host="white-label-chat-km-cxhkhjd0aecsf9ah.scm.centralus-01.azurewebsites.net" User-Agent="AZURECLI/2.75.0 (MSI)" Accept-Encoding="gzip, deflate" Authorization="Bas..." Cache-Control="no-cache" Content-Type="application/octet-stream" Cookie="ARRAffinity=e2467e47d35990645d1677416288076d773dc49712609e83213855e07b4fc62f; ARRAffinitySameSite=e2467e47d35990645d1677416288076d773dc49712609e83213855e07b4fc62f" Content-Length="51191" x-ms-client-request-id="9714254b-70c8-11f0-9d62-9c67d682987a" x-ms-artifact-checksum="aafebcf68511d31e9decf87857d2d07029c883e842d03364674160793c72a0c3" X-ARR-LOG-ID="9714254b-70c8-11f0-9d62-9c67d682987a" CLIENT-IP="167.248.114.72:49374" X-SITE-DEPLOYMENT-ID="white-label-chat-km" WAS-DEFAULT-HOSTNAME="white-label-chat-km-cxhkhjd0aecsf9ah.scm.centralus-01.azurewebsites.net" X-Forwarded-Proto="https" X-AppService-Proto="https" X-Forwarded-TlsVersion="1.3" X-WAWS-Unencoded-URL="/api/publish?type=zip" X-Client-IP="167.248.114.72" X-Client-Port="49374" >
  <step title="OneDeploy" date="2025-08-04T00:19:00.693" >
    <step title="Starting PushDeployAsync" date="2025-08-04T00:19:00.759" /><!-- duration: 3ms -->
    <step title="Writing artifact to /tmp/zipdeploy/3dde28fd-b815-4c76-95c2-f89a9d3ec205.zip" date="2025-08-04T00:19:00.781" >
      <step title="Writing multipart request body to /tmp/zipdeploy/3dde28fd-b815-4c76-95c2-f89a9d3ec205.zip" date="2025-08-04T00:19:00.791" /><!-- duration: 19ms -->
    </step><!-- duration: 137ms -->
    <step title="Removing previous build artifact&apos;s manifest file" date="2025-08-04T00:19:00.943" >
      <step title="Attempting to fetch target branch HEAD" date="2025-08-04T00:19:01.227" /><!-- duration: 3ms -->
      <step title="Acquiring Deployment Lock" date="2025-08-04T00:19:01.238" /><!-- duration: 9ms -->
      <step title="Acquired Deployment Lock" date="2025-08-04T00:19:01.291" /><!-- duration: 7ms -->
      <step title="Performing fetch based deployment" date="2025-08-04T00:19:01.308" >
        <step title="Creating temporary deployment" date="2025-08-04T00:19:01.397" /><!-- duration: 82ms -->
        <step title="Releasing Deployment Lock" date="2025-08-04T00:19:02.736" /><!-- duration: 26ms -->
        <step title="Cleaning up temp folders from previous zip deployments and extracting pushed zip file /tmp/zipdeploy/3dde28fd-b815-4c76-95c2-f89a9d3ec205.zip (0.05 MB) to /tmp/zipdeploy/extracted" date="2025-08-04T00:19:02.830" >
          <step title="ChmodRecursive Process exited with total time taken in ms: 131" date="2025-08-04T00:19:03.176" /><!-- duration: 13ms -->
        </step><!-- duration: 405ms -->
        <step title="None repository commit" date="2025-08-04T00:19:03.238" >
          <step title="Commit id: cb25b66e-dc4e-42b1-9a5d-394b7fd6e872" date="2025-08-04T00:19:03.264" Message="OneDeploy" AuthorName="N/A" AuthorEmail="N/A" /><!-- duration: 10ms -->
        </step><!-- duration: 45ms -->
        <step title="Deployment timer started" date="2025-08-04T00:19:05.287" >
          <step title="DeploymentManager.Deploy(id:cb25b66e-dc4e-42b1-9a5d-394b7fd6e872)" date="2025-08-04T00:19:05.296" >
            <step title="Collecting changeset information" date="2025-08-04T00:19:05.350" /><!-- duration: 93ms -->
            <step title="Updating submodules" date="2025-08-04T00:19:05.452" /><!-- duration: 1130ms -->
            <step title="Determining deployment builder" date="2025-08-04T00:19:06.836" >
              <step title="Builder is OryxBuilder" date="2025-08-04T00:19:06.856" /><!-- duration: 3ms -->
            </step><!-- duration: 28ms -->
            <step title="PreDeployment: context.CleanOutputPath False" date="2025-08-04T00:19:06.920" >
              <step title="PreDeployment: context.OutputPath /home/site/wwwroot" date="2025-08-04T00:19:07.058" >
                <step title="Building" date="2025-08-04T00:19:07.173" >
                  <step title="Executing external process" date="2025-08-04T00:19:07.497" type="process" path="bash" arguments="-c &quot;oryx build /tmp/zipdeploy/extracted -o /home/site/wwwroot --platform python --platform-version 3.11 -p virtualenv_name=antenv --log-file /tmp/build-debug.log  -i /tmp/8ddd2ec8697bd64 --compress-destination-dir | tee /tmp/oryx-build.log ; exit $PIPESTATUS &quot;" 