<step title="Incoming Request" date="2025-08-03T23:38:26.655" instance="e2467e" url="/api/zipdeploy?isAsync=true" method="POST" type="request" pid="767,1,32" Accept="*/*" Host="white-label-chat-km-cxhkhjd0aecsf9ah.scm.centralus-01.azurewebsites.net" User-Agent="AZURECLI/2.75.0 (MSI)" Accept-Encoding="gzip, deflate" Authorization="Bas..." Cache-Control="no-cache" Content-Type="application/octet-stream" Cookie="ARRAffinity=e2467e47d35990645d1677416288076d773dc49712609e83213855e07b4fc62f; ARRAffinitySameSite=e2467e47d35990645d1677416288076d773dc49712609e83213855e07b4fc62f" Content-Length="2965" x-ms-client-request-id="ee169387-70c2-11f0-8693-9c67d682987a" x-ms-artifact-checksum="265ce9f63993b224294db49eecb92c8549c3851863eb356cbcff79d320d72d4c" X-ARR-LOG-ID="ee169387-70c2-11f0-8693-9c67d682987a" CLIENT-IP="167.248.114.72:63942" X-SITE-DEPLOYMENT-ID="white-label-chat-km" WAS-DEFAULT-HOSTNAME="white-label-chat-km-cxhkhjd0aecsf9ah.scm.centralus-01.azurewebsites.net" X-Forwarded-Proto="https" X-AppService-Proto="https" X-Forwarded-TlsVersion="1.3" X-WAWS-Unencoded-URL="/api/zipdeploy?isAsync=true" X-Client-IP="167.248.114.72" X-Client-Port="63942" >
  <step title="ZipPushDeploy" date="2025-08-03T23:38:26.698" >
    <step title="ZipDeploy. Extract zip. Remote build." date="2025-08-03T23:38:26.710" /><!-- duration: 2ms -->
    <step title="Starting PushDeployAsync" date="2025-08-03T23:38:26.721" /><!-- duration: 2ms -->
    <step title="Writing artifact to /tmp/zipdeploy/09e770d3-722c-4680-8c3a-e45693a1f16d.zip" date="2025-08-03T23:38:26.736" >
      <step title="Writing multipart request body to /tmp/zipdeploy/09e770d3-722c-4680-8c3a-e45693a1f16d.zip" date="2025-08-03T23:38:26.743" /><!-- duration: 11ms -->
    </step><!-- duration: 67ms -->
    <step title="Removing previous build artifact&apos;s manifest file" date="2025-08-03T23:38:26.822" >
      <step title="Start deployment in the background" date="2025-08-03T23:38:26.845" >
        <step title="Acquiring Deployment Lock" date="2025-08-03T23:38:26.875" /><!-- duration: 3ms -->
        <step title="Acquired Deployment Lock" date="2025-08-03T23:38:26.928" /><!-- duration: 3ms -->
      </step><!-- duration: 178ms -->
    </step><!-- duration: 207ms -->
    <step title="Outgoing response" date="2025-08-03T23:38:27.034" type="response" statusCode="202" statusText="Accepted" /><!-- duration: 4ms -->
  </step><!-- duration: 344ms -->
