<step title="Incoming Request" date="2025-08-03T23:23:08.120" instance="e2467e" url="/api/publish?type=zip" method="POST" type="request" pid="767,1,16" Accept="*/*" Host="white-label-chat-km-cxhkhjd0aecsf9ah.scm.centralus-01.azurewebsites.net" User-Agent="AZURECLI/2.75.0 (MSI)" Accept-Encoding="gzip, deflate" Authorization="Bas..." Cache-Control="no-cache" Content-Type="application/octet-stream" Cookie="ARRAffinity=e2467e47d35990645d1677416288076d773dc49712609e83213855e07b4fc62f; ARRAffinitySameSite=e2467e47d35990645d1677416288076d773dc49712609e83213855e07b4fc62f" Content-Length="63421" x-ms-client-request-id="bea48acb-70c0-11f0-99b4-9c67d682987a" x-ms-artifact-checksum="eb21d8a38950ff137a0f15e81162f9899ce789a66115632c774c33bdec60d1a3" X-ARR-LOG-ID="bea48acb-70c0-11f0-99b4-9c67d682987a" CLIENT-IP="167.248.114.72:63212" X-SITE-DEPLOYMENT-ID="white-label-chat-km" WAS-DEFAULT-HOSTNAME="white-label-chat-km-cxhkhjd0aecsf9ah.scm.centralus-01.azurewebsites.net" X-Forwarded-Proto="https" X-AppService-Proto="https" X-Forwarded-TlsVersion="1.3" X-WAWS-Unencoded-URL="/api/publish?type=zip" X-Client-IP="167.248.114.72" X-Client-Port="63212" >
  <step title="OneDeploy" date="2025-08-03T23:23:08.223" >
    <step title="None repository commit" date="2025-08-03T23:23:08.239" >
      <step title="Commit id: b29fd11c-a80f-420b-995a-deccd77f4e00" date="2025-08-03T23:23:08.241" Message="N/A" AuthorName="N/A" AuthorEmail="N/A" /><!-- duration: 3ms -->
    </step><!-- duration: 9ms -->
    <step title="Starting PushDeployAsync" date="2025-08-03T23:23:08.252" /><!-- duration: 3ms -->
    <step title="Writing artifact to /tmp/zipdeploy/75428e40-4bb1-4be5-8f09-556e8c9f1fbe.zip" date="2025-08-03T23:23:08.284" >
      <step title="Writing multipart request body to /tmp/zipdeploy/75428e40-4bb1-4be5-8f09-556e8c9f1fbe.zip" date="2025-08-03T23:23:08.301" /><!-- duration: 13ms -->
    </step><!-- duration: 105ms -->
    <step title="Removing previous build artifact&apos;s manifest file" date="2025-08-03T23:23:08.399" >
      <step title="Attempting to fetch target branch HEAD" date="2025-08-03T23:23:08.474" /><!-- duration: 3ms -->
      <step title="Acquiring Deployment Lock" date="2025-08-03T23:23:08.487" /><!-- duration: 27ms -->
      <step title="Acquired Deployment Lock" date="2025-08-03T23:23:08.564" /><!-- duration: 3ms -->
      <step title="Performing fetch based deployment" date="2025-08-03T23:23:08.581" >
        <step title="Creating temporary deployment" date="2025-08-03T23:23:08.589" /><!-- duration: 62ms -->
        <step title="Releasing Deployment Lock" date="2025-08-03T23:23:09.820" /><!-- duration: 15ms -->
        <step title="Cleaning up temp folders from previous zip deployments and extracting pushed zip file /tmp/zipdeploy/75428e40-4bb1-4be5-8f09-556e8c9f1fbe.zip (0.06 MB) to /tmp/zipdeploy/extracted" date="2025-08-03T23:23:09.883" >
          <step title="ChmodRecursive Process exited with total time taken in ms: 59" date="2025-08-03T23:23:10.022" /><!-- duration: 8ms -->
        </step><!-- duration: 166ms -->
        <step title="None repository commit" date="2025-08-03T23:23:10.070" >
          <step title="Commit id: b29fd11c-a80f-420b-995a-deccd77f4e00" date="2025-08-03T23:23:10.080" Message="OneDeploy" AuthorName="N/A" AuthorEmail="N/A" /><!-- duration: 4ms -->
        </step><!-- duration: 18ms -->
        <step title="Deployment timer started" date="2025-08-03T23:23:12.095" >
          <step title="DeploymentManager.Deploy(id:b29fd11c-a80f-420b-995a-deccd77f4e00)" date="2025-08-03T23:23:12.105" >
            <step title="Collecting changeset information" date="2025-08-03T23:23:12.139" /><!-- duration: 143ms -->
            <step title="Updating submodules" date="2025-08-03T23:23:12.289" /><!-- duration: 1148ms -->
            <step title="Determining deployment builder" date="2025-08-03T23:23:13.670" >
              <step title="Builder is OryxBuilder" date="2025-08-03T23:23:13.691" /><!-- duration: 4ms -->
            </step><!-- duration: 28ms -->
            <step title="PreDeployment: context.CleanOutputPath False" date="2025-08-03T23:23:13.756" >
              <step title="PreDeployment: context.OutputPath /home/site/wwwroot" date="2025-08-03T23:23:13.875" >
                <step title="Building" date="2025-08-03T23:23:14.017" >
                  <step title="Executing external process" date="2025-08-03T23:23:14.367" type="process" path="bash" arguments="-c &quot;oryx build /tmp/zipdeploy/extracted -o /home/site/wwwroot --platform python --platform-version 3.11 -p virtualenv_name=antenv --log-file /tmp/build-debug.log  -i /tmp/8ddd2e4b7f3645f --compress-destination-dir | tee /tmp/oryx-build.log ; exit $PIPESTATUS &quot;" /><!-- duration: 142594ms -->
                  <step title="Using PythonDeploymentLogParser" date="2025-08-03T23:25:37.426" /><!-- duration: 4ms -->
                  <step title="Modified file to trigger a restart of the app container." date="2025-08-03T23:25:38.482" /><!-- duration: 5ms -->
                  <step title="Skip function trigger and logicapp sync because function is not enabled." date="2025-08-03T23:25:38.519" /><!-- duration: 4ms -->
                  <step title="Purge deployment items" date="2025-08-03T23:25:39.460" >
                    <step title="Remove 7e9bb4e2-, Success, received at 08/03/2025 21:51:15" date="2025-08-03T23:25:39.523" /><!-- duration: 6ms -->
                  </step><!-- duration: 74ms -->
                </step><!-- duration: 145574ms -->
              </step><!-- duration: 145721ms -->
              <step title="Cleaning up temp files" date="2025-08-03T23:25:39.602" /><!-- duration: 739ms -->
              <step title="Cleaning up temp files" date="2025-08-03T23:25:40.344" /><!-- duration: 524ms -->
              <step title="Reloading status file with latest updates" date="2025-08-03T23:25:40.998" >
                <step title="WebHooksManager.PublishEventAsync: PostDeployment" date="2025-08-03T23:25:41.035" /><!-- duration: 456ms -->
              </step><!-- duration: 523ms -->
              <step title="Cleaning up temporary deployment - fetch deployment was successful" date="2025-08-03T23:25:41.559" /><!-- duration: 11ms -->
            </step><!-- duration: 147933ms -->
          </step><!-- duration: 149670ms -->
          <step title="Outgoing response" date="2025-08-03T23:25:41.826" type="response" statusCode="200" statusText="OK" /><!-- duration: 5ms -->
        </step><!-- duration: 149739ms -->
