<step title="Incoming Request" date="2025-08-03T22:59:06.767" instance="e2467e" url="/api/publish?type=zip" method="POST" type="request" pid="767,1,7" Accept="*/*" Host="white-label-chat-km-cxhkhjd0aecsf9ah.scm.centralus-01.azurewebsites.net" User-Agent="AZURECLI/2.75.0 (MSI)" Accept-Encoding="gzip, deflate" Authorization="Bas..." Cache-Control="no-cache" Content-Type="application/octet-stream" Cookie="ARRAffinity=e2467e47d35990645d1677416288076d773dc49712609e83213855e07b4fc62f; ARRAffinitySameSite=e2467e47d35990645d1677416288076d773dc49712609e83213855e07b4fc62f" Content-Length="59553" x-ms-client-request-id="63257992-70bd-11f0-a0aa-9c67d682987a" x-ms-artifact-checksum="8c80302092dce5d0f186c18658511ad5a2021e3062df0a20aec653c7d0671a58" X-ARR-LOG-ID="63257992-70bd-11f0-a0aa-9c67d682987a" CLIENT-IP="167.248.114.72:61521" X-SITE-DEPLOYMENT-ID="white-label-chat-km" WAS-DEFAULT-HOSTNAME="white-label-chat-km-cxhkhjd0aecsf9ah.scm.centralus-01.azurewebsites.net" X-Forwarded-Proto="https" X-AppService-Proto="https" X-Forwarded-TlsVersion="1.3" X-WAWS-Unencoded-URL="/api/publish?type=zip" X-Client-IP="167.248.114.72" X-Client-Port="61521" >
  <step title="OneDeploy" date="2025-08-03T22:59:06.869" >
    <step title="None repository commit" date="2025-08-03T22:59:06.880" >
      <step title="Commit id: 96885263-723f-402c-ac1c-61b71a008f97" date="2025-08-03T22:59:06.883" Message="N/A" AuthorName="N/A" AuthorEmail="N/A" /><!-- duration: 4ms -->
    </step><!-- duration: 10ms -->
    <step title="Starting PushDeployAsync" date="2025-08-03T22:59:06.894" /><!-- duration: 3ms -->
    <step title="Writing artifact to /tmp/zipdeploy/3631f747-3f05-4261-a56f-a4479def2d4d.zip" date="2025-08-03T22:59:06.924" >
      <step title="Writing multipart request body to /tmp/zipdeploy/3631f747-3f05-4261-a56f-a4479def2d4d.zip" date="2025-08-03T22:59:06.930" /><!-- duration: 9ms -->
    </step><!-- duration: 130ms -->
    <step title="Removing previous build artifact&apos;s manifest file" date="2025-08-03T22:59:07.063" >
      <step title="Attempting to fetch target branch HEAD" date="2025-08-03T22:59:07.088" /><!-- duration: 6ms -->
      <step title="Acquiring Deployment Lock" date="2025-08-03T22:59:07.102" /><!-- duration: 3ms -->
      <step title="Acquired Deployment Lock" date="2025-08-03T22:59:07.159" /><!-- duration: 4ms -->
      <step title="Performing fetch based deployment" date="2025-08-03T22:59:07.174" >
        <step title="Creating temporary deployment" date="2025-08-03T22:59:07.177" /><!-- duration: 59ms -->
        <step title="Releasing Deployment Lock" date="2025-08-03T22:59:08.381" /><!-- duration: 15ms -->
        <step title="Cleaning up temp folders from previous zip deployments and extracting pushed zip file /tmp/zipdeploy/3631f747-3f05-4261-a56f-a4479def2d4d.zip (0.06 MB) to /tmp/zipdeploy/extracted" date="2025-08-03T22:59:08.424" >
          <step title="ChmodRecursive Process exited with total time taken in ms: 134" date="2025-08-03T22:59:08.811" /><!-- duration: 18ms -->
        </step><!-- duration: 415ms -->
        <step title="None repository commit" date="2025-08-03T22:59:08.857" >
          <step title="Commit id: 96885263-723f-402c-ac1c-61b71a008f97" date="2025-08-03T22:59:08.870" Message="OneDeploy" AuthorName="N/A" AuthorEmail="N/A" /><!-- duration: 9ms -->
        </step><!-- duration: 32ms -->
        <step title="Deployment timer started" date="2025-08-03T22:59:10.901" >
          <step title="DeploymentManager.Deploy(id:96885263-723f-402c-ac1c-61b71a008f97)" date="2025-08-03T22:59:10.909" >
            <step title="Collecting changeset information" date="2025-08-03T22:59:10.931" /><!-- duration: 100ms -->
            <step title="Updating submodules" date="2025-08-03T22:59:11.042" /><!-- duration: 1124ms -->
            <step title="Determining deployment builder" date="2025-08-03T22:59:12.372" >
              <step title="Builder is OryxBuilder" date="2025-08-03T22:59:12.396" /><!-- duration: 4ms -->
            </step><!-- duration: 32ms -->
            <step title="PreDeployment: context.CleanOutputPath False" date="2025-08-03T22:59:12.454" >
              <step title="PreDeployment: context.OutputPath /home/site/wwwroot" date="2025-08-03T22:59:12.587" >
                <step title="Building" date="2025-08-03T22:59:12.706" >
                  <step title="Executing external process" date="2025-08-03T22:59:13.043" type="process" path="bash" arguments="-c &quot;oryx build /tmp/zipdeploy/extracted -o /home/site/wwwroot --platform python --platform-version 3.11 -p virtualenv_name=antenv --log-file /tmp/build-debug.log  -i /tmp/8ddd2e15ce0225d --compress-destination-dir | tee /tmp/oryx-build.log ; exit $PIPESTATUS &quot;" /><!-- duration: 138793ms -->
                  <step title="Using PythonDeploymentLogParser" date="2025-08-03T23:01:32.296" /><!-- duration: 4ms -->
                  <step title="Modified file to trigger a restart of the app container." date="2025-08-03T23:01:33.401" /><!-- duration: 10ms -->
                  <step title="Skip function trigger and logicapp sync because function is not enabled." date="2025-08-03T23:01:33.450" /><!-- duration: 3ms -->
                  <step title="Purge deployment items" date="2025-08-03T23:01:34.553" >
                    <step title="Remove f8b97bf2-, Success, received at 08/03/2025 21:19:16" date="2025-08-03T23:01:34.610" /><!-- duration: 5ms -->
                  </step><!-- duration: 67ms -->
                </step><!-- duration: 141976ms -->
              </step><!-- duration: 142099ms -->
              <step title="Cleaning up temp files" date="2025-08-03T23:01:34.703" /><!-- duration: 721ms -->
              <step title="Cleaning up temp files" date="2025-08-03T23:01:35.428" /><!-- duration: 529ms -->
              <step title="Reloading status file with latest updates" date="2025-08-03T23:01:35.991" >
                <step title="WebHooksManager.PublishEventAsync: PostDeployment" date="2025-08-03T23:01:36.002" /><!-- duration: 94ms -->
              </step><!-- duration: 109ms -->
              <step title="Cleaning up temporary deployment - fetch deployment was successful" date="2025-08-03T23:01:36.115" /><!-- duration: 4ms -->
            </step><!-- duration: 143717ms -->
          </step><!-- duration: 145278ms -->
          <step title="Outgoing response" date="2025-08-03T23:01:36.212" type="response" statusCode="200" statusText="OK" /><!-- duration: 7ms -->
        </step><!-- duration: 145322ms -->
