<step title="Incoming Request" date="2025-08-04T00:20:41.660" instance="e2467e" url="/api/publish?type=zip" method="POST" type="request" pid="768,1,18" Accept="*/*" Host="white-label-chat-km-cxhkhjd0aecsf9ah.scm.centralus-01.azurewebsites.net" User-Agent="AZURECLI/2.75.0 (MSI)" Accept-Encoding="gzip, deflate" Authorization="Bas..." Cache-Control="no-cache" Content-Type="application/octet-stream" Cookie="ARRAffinity=e2467e47d35990645d1677416288076d773dc49712609e83213855e07b4fc62f; ARRAffinitySameSite=e2467e47d35990645d1677416288076d773dc49712609e83213855e07b4fc62f" Content-Length="4083" x-ms-client-request-id="d407f252-70c8-11f0-941b-9c67d682987a" x-ms-artifact-checksum="207fcf44c65ac168854d9664f3b2f85025259e41f7b42f0533a6b0dee6659465" X-ARR-LOG-ID="d407f252-70c8-11f0-941b-9c67d682987a" CLIENT-IP="167.248.114.72:49735" X-SITE-DEPLOYMENT-ID="white-label-chat-km" WAS-DEFAULT-HOSTNAME="white-label-chat-km-cxhkhjd0aecsf9ah.scm.centralus-01.azurewebsites.net" X-Forwarded-Proto="https" X-AppService-Proto="https" X-Forwarded-TlsVersion="1.3" X-WAWS-Unencoded-URL="/api/publish?type=zip" X-Client-IP="167.248.114.72" X-Client-Port="49735" >
  <step title="OneDeploy" date="2025-08-04T00:20:41.742" >
    <step title="None repository commit" date="2025-08-04T00:20:41.756" >
      <step title="Commit id: ed6a03cc-2fb0-4620-b6d9-1baaba0a4b50" date="2025-08-04T00:20:41.759" Message="N/A" AuthorName="N/A" AuthorEmail="N/A" /><!-- duration: 3ms -->
    </step><!-- duration: 9ms -->
    <step title="Starting PushDeployAsync" date="2025-08-04T00:20:41.772" /><!-- duration: 4ms -->
    <step title="Writing artifact to /tmp/zipdeploy/c6d95236-eb2e-4f45-a963-d69fe724d724.zip" date="2025-08-04T00:20:41.806" >
      <step title="Writing multipart request body to /tmp/zipdeploy/c6d95236-eb2e-4f45-a963-d69fe724d724.zip" date="2025-08-04T00:20:41.809" /><!-- duration: 3ms -->
    </step><!-- duration: 62ms -->
    <step title="Attempting to fetch target branch HEAD" date="2025-08-04T00:20:41.883" /><!-- duration: 3ms -->
    <step title="Acquiring Deployment Lock" date="2025-08-04T00:20:41.892" /><!-- duration: 10ms -->
    <step title="Acquired Deployment Lock" date="2025-08-04T00:20:41.951" /><!-- duration: 5ms -->
    <step title="Performing fetch based deployment" date="2025-08-04T00:20:41.967" >
      <step title="Creating temporary deployment" date="2025-08-04T00:20:41.982" /><!-- duration: 90ms -->
      <step title="Releasing Deployment Lock" date="2025-08-04T00:20:43.257" /><!-- duration: 19ms -->
      <step title="Cleaning up temp folders from previous zip deployments and extracting pushed zip file /tmp/zipdeploy/c6d95236-eb2e-4f45-a963-d69fe724d724.zip (0.00 MB) to /tmp/zipdeploy/extracted" date="2025-08-04T00:20:43.320" >
        <step title="ChmodRecursive Process exited with total time taken in ms: 108" date="2025-08-04T00:20:43.507" /><!-- duration: 20ms -->
      </step><!-- duration: 223ms -->
      <step title="None repository commit" date="2025-08-04T00:20:43.553" >
        <step title="Commit id: ed6a03cc-2fb0-4620-b6d9-1baaba0a4b50" date="2025-08-04T00:20:43.557" Message="OneDeploy" AuthorName="N/A" AuthorEmail="N/A" /><!-- duration: 7ms -->
      </step><!-- duration: 15ms -->
      <step title="Deployment timer started" date="2025-08-04T00:20:45.581" >
        <step title="DeploymentManager.Deploy(id:ed6a03cc-2fb0-4620-b6d9-1baaba0a4b50)" date="2025-08-04T00:20:45.590" >
          <step title="Collecting changeset information" date="2025-08-04T00:20:45.622" /><!-- duration: 97ms -->
          <step title="Updating submodules" date="2025-08-04T00:20:45.729" /><!-- duration: 1178ms -->
          <step title="Determining deployment builder" date="2025-08-04T00:20:47.132" >
            <step title="Builder is OryxBuilder" date="2025-08-04T00:20:47.158" /><!-- duration: 4ms -->
          </step><!-- duration: 34ms -->
          <step title="PreDeployment: context.CleanOutputPath False" date="2025-08-04T00:20:47.217" >
            <step title="PreDeployment: context.OutputPath /home/site/wwwroot" date="2025-08-04T00:20:47.329" >
              <step title="Building" date="2025-08-04T00:20:47.445" >
                <step title="Executing external process" date="2025-08-04T00:20:47.857" type="process" path="bash" arguments="-c &quot;oryx build /tmp/zipdeploy/extracted -o /home/site/wwwroot --platform python --platform-version 3.11 -p virtualenv_name=antenv --log-file /tmp/build-debug.log  -i /tmp/8ddd2ecc261ce47 --compress-destination-dir | tee /tmp/oryx-build.log ; exit $PIPESTATUS &quot;" /><!-- duration: 134924ms -->
                <step title="Using PythonDeploymentLogParser" date="2025-08-04T00:23:03.291" /><!-- duration: 4ms -->
                <step title="Modified file to trigger a restart of the app container." date="2025-08-04T00:23:04.548" /><!-- duration: 8ms -->
                <step title="Skip function trigger and logicapp sync because function is not enabled." date="2025-08-04T00:23:04.579" /><!-- duration: 4ms -->
                <step title="Purge deployment items" date="2025-08-04T00:23:05.702" >
                  <step title="Remove temp-7497, Pending, received at 08/04/2025 00:20:41" date="2025-08-04T00:23:05.800" /><!-- duration: 15ms -->
                  <step title="Remove temp-913a, Failed, received at 08/04/2025 00:19:01" date="2025-08-04T00:23:05.868" /><!-- duration: 5ms -->
                  <step title="Remove 6b9aeea0-, Success, received at 08/03/2025 22:26:26" date="2025-08-04T00:23:05.928" /><!-- duration: 5ms -->
                </step><!-- duration: 234ms -->
              </step><!-- duration: 138556ms -->
            </step><!-- duration: 138677ms -->
            <step title="Cleaning up temp files" date="2025-08-04T00:23:06.009" /><!-- duration: 919ms -->
            <step title="Cleaning up temp files" date="2025-08-04T00:23:06.935" /><!-- duration: 524ms -->
            <step title="Reloading status file with latest updates" date="2025-08-04T00:23:07.498" >
              <step title="WebHooksManager.PublishEventAsync: PostDeployment" date="2025-08-04T00:23:07.515" /><!-- duration: 92ms -->
            </step><!-- duration: 113ms -->
            <step title="Cleaning up temporary deployment - fetch deployment was successful" date="2025-08-04T00:23:07.624" /><!-- duration: 4ms -->
          </step><!-- duration: 140451ms -->
        </step><!-- duration: 142103ms -->
        <step title="Outgoing response" date="2025-08-04T00:23:07.723" type="response" statusCode="200" statusText="OK" /><!-- duration: 4ms -->
      </step><!-- duration: 142150ms -->
