<step title="Incoming Request" date="2025-08-03T21:19:10.711" instance="e2467e" url="/api/publish?type=zip" method="POST" type="request" pid="767,1,17" Accept="*/*" Host="white-label-chat-km-cxhkhjd0aecsf9ah.scm.centralus-01.azurewebsites.net" User-Agent="AZURECLI/2.75.0 (MSI)" Accept-Encoding="gzip, deflate" Authorization="Bas..." Cache-Control="no-cache" Content-Type="application/octet-stream" Cookie="ARRAffinity=e2467e47d35990645d1677416288076d773dc49712609e83213855e07b4fc62f; ARRAffinitySameSite=e2467e47d35990645d1677416288076d773dc49712609e83213855e07b4fc62f" Content-Length="6011478" x-ms-client-request-id="79b7daa2-70af-11f0-af98-9c67d682987a" x-ms-artifact-checksum="c015f816a22702f2fa0dd5e9363b7faba5a18f9f33565bb998815517ea712efa" X-ARR-LOG-ID="79b7daa2-70af-11f0-af98-9c67d682987a" CLIENT-IP="167.248.114.72:56195" X-SITE-DEPLOYMENT-ID="white-label-chat-km" WAS-DEFAULT-HOSTNAME="white-label-chat-km-cxhkhjd0aecsf9ah.scm.centralus-01.azurewebsites.net" X-Forwarded-Proto="https" X-AppService-Proto="https" X-Forwarded-TlsVersion="1.3" X-WAWS-Unencoded-URL="/api/publish?type=zip" X-Client-IP="167.248.114.72" X-Client-Port="56195" >
  <step title="OneDeploy" date="2025-08-03T21:19:11.069" >
    <step title="None repository commit" date="2025-08-03T21:19:11.155" >
      <step title="Commit id: f8b97bf2-4150-4d27-b9ba-a26fbe492ad1" date="2025-08-03T21:19:11.164" Message="N/A" AuthorName="N/A" AuthorEmail="N/A" /><!-- duration: 3ms -->
    </step><!-- duration: 15ms -->
    <step title="Starting PushDeployAsync" date="2025-08-03T21:19:11.174" /><!-- duration: 4ms -->
    <step title="Writing artifact to /tmp/zipdeploy/8b1be984-9d7d-4cd7-9d00-8f7a25151bc4.zip" date="2025-08-03T21:19:11.212" >
      <step title="Writing multipart request body to /tmp/zipdeploy/8b1be984-9d7d-4cd7-9d00-8f7a25151bc4.zip" date="2025-08-03T21:19:11.217" /><!-- duration: 5ms -->
    </step><!-- duration: 365ms -->
    <step title="Removing previous build artifact&apos;s manifest file" date="2025-08-03T21:19:11.585" >
      <step title="Attempting to fetch target branch HEAD" date="2025-08-03T21:19:11.611" /><!-- duration: 5ms -->
      <step title="Acquiring Deployment Lock" date="2025-08-03T21:19:11.623" /><!-- duration: 5ms -->
      <step title="Acquired Deployment Lock" date="2025-08-03T21:19:11.684" /><!-- duration: 4ms -->
      <step title="Performing fetch based deployment" date="2025-08-03T21:19:11.699" >
        <step title="Creating temporary deployment" date="2025-08-03T21:19:11.704" /><!-- duration: 78ms -->
        <step title="Releasing Deployment Lock" date="2025-08-03T21:19:13.049" /><!-- duration: 10ms -->
        <step title="Cleaning up temp folders from previous zip deployments and extracting pushed zip file /tmp/zipdeploy/8b1be984-9d7d-4cd7-9d00-8f7a25151bc4.zip (5.73 MB) to /tmp/zipdeploy/extracted" date="2025-08-03T21:19:13.125" >
          <step title="ChmodRecursive Process exited with total time taken in ms: 89" date="2025-08-03T21:19:13.958" /><!-- duration: 9ms -->
        </step><!-- duration: 852ms -->
        <step title="None repository commit" date="2025-08-03T21:19:13.981" >
          <step title="Commit id: f8b97bf2-4150-4d27-b9ba-a26fbe492ad1" date="2025-08-03T21:19:13.987" Message="OneDeploy" AuthorName="N/A" AuthorEmail="N/A" /><!-- duration: 7ms -->
        </step><!-- duration: 17ms -->
        <step title="Deployment timer started" date="2025-08-03T21:19:16.012" >
          <step title="DeploymentManager.Deploy(id:f8b97bf2-4150-4d27-b9ba-a26fbe492ad1)" date="2025-08-03T21:19:16.026" >
            <step title="Collecting changeset information" date="2025-08-03T21:19:16.061" /><!-- duration: 91ms -->
            <step title="Updating submodules" date="2025-08-03T21:19:16.160" /><!-- duration: 1125ms -->
            <step title="Determining deployment builder" date="2025-08-03T21:19:17.539" >
              <step title="Builder is OryxBuilder" date="2025-08-03T21:19:17.566" /><!-- duration: 3ms -->
            </step><!-- duration: 34ms -->
            <step title="PreDeployment: context.CleanOutputPath False" date="2025-08-03T21:19:17.612" >
              <step title="PreDeployment: context.OutputPath /home/site/wwwroot" date="2025-08-03T21:19:17.750" >
                <step title="Building" date="2025-08-03T21:19:17.882" >
                  <step title="Executing external process" date="2025-08-03T21:19:18.276" type="process" path="bash" arguments="-c &quot;oryx build /tmp/zipdeploy/extracted -o /home/site/wwwroot --platform python --platform-version 3.11 -p virtualenv_name=antenv --log-file /tmp/build-debug.log  -i /tmp/8ddd2d367ac7c7c --compress-destination-dir | tee /tmp/oryx-build.log ; exit $PIPESTATUS &quot;" /><!-- duration: 124596ms -->
                  <step title="Using PythonDeploymentLogParser" date="2025-08-03T21:21:23.358" /><!-- duration: 7ms -->
                  <step title="Modified file to trigger a restart of the app container." date="2025-08-03T21:21:24.453" /><!-- duration: 5ms -->
                  <step title="Skip function trigger and logicapp sync because function is not enabled." date="2025-08-03T21:21:24.480" /><!-- duration: 4ms -->
                </step><!-- duration: 127323ms -->
              </step><!-- duration: 127460ms -->
              <step title="Cleaning up temp files" date="2025-08-03T21:21:25.213" /><!-- duration: 759ms -->
              <step title="Cleaning up temp files" date="2025-08-03T21:21:25.980" /><!-- duration: 529ms -->
              <step title="Reloading status file with latest updates" date="2025-08-03T21:21:26.538" >
                <step title="WebHooksManager.PublishEventAsync: PostDeployment" date="2025-08-03T21:21:26.542" /><!-- duration: 101ms -->
              </step><!-- duration: 109ms -->
              <step title="Cleaning up temporary deployment - fetch deployment was successful" date="2025-08-03T21:21:26.660" /><!-- duration: 3ms -->
            </step><!-- duration: 129102ms -->
          </step><!-- duration: 130717ms -->
          <step title="Outgoing response" date="2025-08-03T21:21:26.807" type="response" statusCode="200" statusText="OK" /><!-- duration: 3ms -->
        </step><!-- duration: 130803ms -->
