<step title="Incoming Request" date="2025-08-03T23:39:58.526" instance="e2467e" url="/api/zipdeploy?isAsync=true" method="POST" type="request" pid="767,1,30" Accept="*/*" Host="white-label-chat-km-cxhkhjd0aecsf9ah.scm.centralus-01.azurewebsites.net" User-Agent="AZURECLI/2.75.0 (MSI)" Accept-Encoding="gzip, deflate" Authorization="Bas..." Cache-Control="no-cache" Content-Type="application/octet-stream" Cookie="ARRAffinity=e2467e47d35990645d1677416288076d773dc49712609e83213855e07b4fc62f; ARRAffinitySameSite=e2467e47d35990645d1677416288076d773dc49712609e83213855e07b4fc62f" Content-Length="77711" x-ms-client-request-id="24928071-70c3-11f0-a0a1-9c67d682987a" x-ms-artifact-checksum="d2efab00672156a2d951b23dae96e01e81d0294678c98baa69815166f3cac9a0" X-ARR-LOG-ID="24928071-70c3-11f0-a0a1-9c67d682987a" CLIENT-IP="167.248.114.72:64039" X-SITE-DEPLOYMENT-ID="white-label-chat-km" WAS-DEFAULT-HOSTNAME="white-label-chat-km-cxhkhjd0aecsf9ah.scm.centralus-01.azurewebsites.net" X-Forwarded-Proto="https" X-AppService-Proto="https" X-Forwarded-TlsVersion="1.3" X-WAWS-Unencoded-URL="/api/zipdeploy?isAsync=true" X-Client-IP="167.248.114.72" X-Client-Port="64039" >
  <step title="ZipPushDeploy" date="2025-08-03T23:39:58.537" >
    <step title="ZipDeploy. Extract zip. Remote build." date="2025-08-03T23:39:58.547" /><!-- duration: 3ms -->
    <step title="Starting PushDeployAsync" date="2025-08-03T23:39:58.558" /><!-- duration: 4ms -->
    <step title="Writing artifact to /tmp/zipdeploy/f5a6c015-0c17-4feb-9182-71ec9dfda990.zip" date="2025-08-03T23:39:58.577" >
      <step title="Writing multipart request body to /tmp/zipdeploy/f5a6c015-0c17-4feb-9182-71ec9dfda990.zip" date="2025-08-03T23:39:58.581" /><!-- duration: 6ms -->
    </step><!-- duration: 29ms -->
    <step title="Start deployment in the background" date="2025-08-03T23:39:58.626" >
      <step title="Acquiring Deployment Lock" date="2025-08-03T23:39:58.650" /><!-- duration: 5ms -->
      <step title="Acquired Deployment Lock" date="2025-08-03T23:39:58.689" /><!-- duration: 3ms -->
    </step><!-- duration: 153ms -->
  </step><!-- duration: 258ms -->
  <step title="Outgoing response" date="2025-08-03T23:39:58.801" type="response" statusCode="202" statusText="Accepted" /><!-- duration: 3ms -->
</step><!-- duration: 282ms -->
