<step title="Incoming Request" date="2025-08-03T21:05:02.006" instance="e2467e" url="/api/zipdeploy?isAsync=true" method="POST" type="request" pid="770,1,17" Accept="*/*" Host="white-label-chat-km-cxhkhjd0aecsf9ah.scm.centralus-01.azurewebsites.net" User-Agent="AZURECLI/2.75.0 (MSI)" Accept-Encoding="gzip, deflate" Authorization="Bas..." Cache-Control="no-cache" Content-Type="application/octet-stream" Cookie="ARRAffinity=e2467e47d35990645d1677416288076d773dc49712609e83213855e07b4fc62f; ARRAffinitySameSite=e2467e47d35990645d1677416288076d773dc49712609e83213855e07b4fc62f" Content-Length="6011130" x-ms-client-request-id="7f6d941e-70ad-11f0-83b9-9c67d682987a" x-ms-artifact-checksum="5c493f3d9ea820d760265e682be749e8568553ab7d9c303f98d89512253b7bc7" X-ARR-LOG-ID="7f6d941e-70ad-11f0-83b9-9c67d682987a" CLIENT-IP="167.248.114.72:55189" X-SITE-DEPLOYMENT-ID="white-label-chat-km" WAS-DEFAULT-HOSTNAME="white-label-chat-km-cxhkhjd0aecsf9ah.scm.centralus-01.azurewebsites.net" X-Forwarded-Proto="https" X-AppService-Proto="https" X-Forwarded-TlsVersion="1.3" X-WAWS-Unencoded-URL="/api/zipdeploy?isAsync=true" X-Client-IP="167.248.114.72" X-Client-Port="55189" >
  <step title="ZipPushDeploy" date="2025-08-03T21:05:02.328" >
    <step title="ZipDeploy. Extract zip. Remote build." date="2025-08-03T21:05:02.501" /><!-- duration: 9ms -->
    <step title="None repository commit" date="2025-08-03T21:05:02.541" >
      <step title="Commit id: 0ee50750-5a63-41aa-995b-07aed5049352" date="2025-08-03T21:05:02.551" Message="N/A" AuthorName="N/A" AuthorEmail="N/A" /><!-- duration: 9ms -->
    </step><!-- duration: 26ms -->
    <step title="Starting PushDeployAsync" date="2025-08-03T21:05:02.598" /><!-- duration: 14ms -->
    <step title="Writing artifact to /tmp/zipdeploy/c7f20a85-bd2e-4447-be3e-6ae7d91f6d8b.zip" date="2025-08-03T21:05:02.777" >
      <step title="Writing multipart request body to /tmp/zipdeploy/c7f20a85-bd2e-4447-be3e-6ae7d91f6d8b.zip" date="2025-08-03T21:05:02.792" /><!-- duration: 9ms -->
    </step><!-- duration: 501ms -->
    <step title="Removing previous build artifact&apos;s manifest file" date="2025-08-03T21:05:03.295" >
      <step title="Start deployment in the background" date="2025-08-03T21:05:03.337" >
        <step title="Acquiring Deployment Lock" date="2025-08-03T21:05:03.472" /><!-- duration: 8ms -->
        <step title="Acquired Deployment Lock" date="2025-08-03T21:05:03.606" /><!-- duration: 14ms -->
      </step><!-- duration: 409ms -->
    </step><!-- duration: 460ms -->
    <step title="Outgoing response" date="2025-08-03T21:05:03.767" type="response" statusCode="202" statusText="Accepted" /><!-- duration: 2ms -->
  </step><!-- duration: 1446ms -->
