<step title="Incoming Request" date="2025-08-03T21:38:21.622" instance="e2467e" url="/api/publish?type=zip" method="POST" type="request" pid="768,1,15" Accept="*/*" Host="white-label-chat-km-cxhkhjd0aecsf9ah.scm.centralus-01.azurewebsites.net" User-Agent="AZURECLI/2.75.0 (MSI)" Accept-Encoding="gzip, deflate" Authorization="Bas..." Cache-Control="no-cache" Content-Type="application/octet-stream" Cookie="ARRAffinity=e2467e47d35990645d1677416288076d773dc49712609e83213855e07b4fc62f; ARRAffinitySameSite=e2467e47d35990645d1677416288076d773dc49712609e83213855e07b4fc62f" Content-Length="6011628" x-ms-client-request-id="245cef03-70b2-11f0-b6d8-9c67d682987a" x-ms-artifact-checksum="5554f262e9bd50c234c315813ca02ba5614a3258f31be8012a7a4c830f587e67" X-ARR-LOG-ID="245cef03-70b2-11f0-b6d8-9c67d682987a" CLIENT-IP="167.248.114.72:57250" X-SITE-DEPLOYMENT-ID="white-label-chat-km" WAS-DEFAULT-HOSTNAME="white-label-chat-km-cxhkhjd0aecsf9ah.scm.centralus-01.azurewebsites.net" X-Forwarded-Proto="https" X-AppService-Proto="https" X-Forwarded-TlsVersion="1.3" X-WAWS-Unencoded-URL="/api/publish?type=zip" X-Client-IP="167.248.114.72" X-Client-Port="57250" >
  <step title="Cleanup Xml Logs" date="2025-08-03T21:38:21.649" /><!-- duration: 20ms -->
  <step title="OneDeploy" date="2025-08-03T21:38:22.136" >
    <step title="None repository commit" date="2025-08-03T21:38:22.194" >
      <step title="Commit id: a7cd2d7f-d1b9-4e24-82df-bb370a082698" date="2025-08-03T21:38:22.204" Message="N/A" AuthorName="N/A" AuthorEmail="N/A" /><!-- duration: 20ms -->
    </step><!-- duration: 42ms -->
    <step title="Starting PushDeployAsync" date="2025-08-03T21:38:22.245" /><!-- duration: 10ms -->
    <step title="Writing artifact to /tmp/zipdeploy/03eb4fa1-0904-4988-8397-7c096c6e9ad7.zip" date="2025-08-03T21:38:22.332" >
      <step title="Writing multipart request body to /tmp/zipdeploy/03eb4fa1-0904-4988-8397-7c096c6e9ad7.zip" date="2025-08-03T21:38:22.350" /><!-- duration: 18ms -->
    </step><!-- duration: 771ms -->
    <step title="Removing previous build artifact&apos;s manifest file" date="2025-08-03T21:38:23.142" >
      <step title="Attempting to fetch target branch HEAD" date="2025-08-03T21:38:23.198" /><!-- duration: 4ms -->
      <step title="Acquiring Deployment Lock" date="2025-08-03T21:38:23.237" /><!-- duration: 38ms -->
      <step title="Acquired Deployment Lock" date="2025-08-03T21:38:23.346" /><!-- duration: 8ms -->
      <step title="Performing fetch based deployment" date="2025-08-03T21:38:23.376" >
        <step title="Creating temporary deployment" date="2025-08-03T21:38:23.392" /><!-- duration: 321ms -->
        <step title="Releasing Deployment Lock" date="2025-08-03T21:38:24.935" /><!-- duration: 28ms -->
        <step title="Cleaning up temp folders from previous zip deployments and extracting pushed zip file /tmp/zipdeploy/03eb4fa1-0904-4988-8397-7c096c6e9ad7.zip (5.73 MB) to /tmp/zipdeploy/extracted" date="2025-08-03T21:38:25.057" >
          <step title="ChmodRecursive Process exited with total time taken in ms: 242" date="2025-08-03T21:38:26.692" /><!-- duration: 40ms -->
        </step><!-- duration: 1694ms -->
        <step title="None repository commit" date="2025-08-03T21:38:26.800" >
          <step title="Commit id: a7cd2d7f-d1b9-4e24-82df-bb370a082698" date="2025-08-03T21:38:26.827" Message="OneDeploy" AuthorName="N/A" AuthorEmail="N/A" /><!-- duration: 11ms -->
        </step><!-- duration: 66ms -->
        <step title="Deployment timer started" date="2025-08-03T21:38:28.891" >
          <step title="DeploymentManager.Deploy(id:a7cd2d7f-d1b9-4e24-82df-bb370a082698)" date="2025-08-03T21:38:28.909" >
            <step title="Collecting changeset information" date="2025-08-03T21:38:28.968" /><!-- duration: 174ms -->
            <step title="Updating submodules" date="2025-08-03T21:38:29.153" /><!-- duration: 1325ms -->
            <step title="Determining deployment builder" date="2025-08-03T21:38:30.955" >
              <step title="Builder is OryxBuilder" date="2025-08-03T21:38:31.002" /><!-- duration: 10ms -->
            </step><!-- duration: 78ms -->
            <step title="PreDeployment: context.CleanOutputPath False" date="2025-08-03T21:38:31.234" >
              <step title="PreDeployment: context.OutputPath /home/site/wwwroot" date="2025-08-03T21:38:31.441" >
                <step title="Building" date="2025-08-03T21:38:31.671" >
                  <step title="Executing external process" date="2025-08-03T21:38:32.480" type="process" path="bash" arguments="-c &quot;oryx build /tmp/zipdeploy/extracted -o /home/site/wwwroot --platform python --platform-version 3.11 -p virtualenv_name=antenv --log-file /tmp/build-debug.log  -i /tmp/8ddd2d617330cd1 --compress-destination-dir | tee /tmp/oryx-build.log ; exit $PIPESTATUS &quot;" >
                    <step title="Error occurred" date="2025-08-03T21:39:01.382" type="error" text="Deployment has been stopped due to SCM container restart. The restart can happen due to a management operation on site. Do not perform a management operation and a deployment operation in quick succession. Adding a small delay can help avoid any conflicts." /><!-- duration: 66ms -->
                    <step title="Killing external process" date="2025-08-03T21:39:01.488" >
                      <step title="Abort Process &apos;gzip(873)&apos;." date="2025-08-03T21:39:02.685" /><!-- duration: 18ms -->
                      <step title="Abort Process &apos;oryx(828)&apos;." date="2025-08-03T21:39:02.765" /><!-- duration: 17ms -->
                      <step title="Abort Process &apos;bash(827)&apos;." date="2025-08-03T21:39:02.792" /><!-- duration: 12ms -->
                      <step title="Process dump" date="2025-08-03T21:39:02.873" exitCode="137" type="processOutput" /><!-- duration: 6ms -->
                    </step><!-- duration: 1399ms -->
                    <step title="Error occurred" date="2025-08-03T21:39:03.006" type="error" text="tar: Unexpected EOF in archive
tar: Unexpected EOF in archive
tar: Error is not recoverable: exiting now
/bin/bash -c &quot;oryx build /tmp/zipdeploy/extracted -o /home/site/wwwroot --platform python --platform-version 3.11 -p virtualenv_name=antenv --log-file /tmp/build-debug.log  -i /tmp/8ddd2d617330cd1 --compress-destination-dir | tee /tmp/oryx-build.log ; exit $PIPESTATUS &quot;" stackTrace="   at Kudu.Core.Infrastructure.Executable.ExecuteInternal(ITracer tracer, Func`2 onWriteOutput, Func`2 onWriteError, CancellationToken token, Encoding encoding, String arguments, Object[] args) in /tmp/KuduLite/Kudu.Core/Infrastructure/Executable.cs:line 239
   at Kudu.Core.Infrastructure.Executable.ExecuteWithProgressWriter(ILogger logger, ITracer tracer, CancellationToken token, String arguments, Object[] args) in /tmp/KuduLite/Kudu.Core/Infrastructure/Executable.cs:line 118
   at Kudu.Core.Deployment.Generator.ExternalCommandBuilder.RunCommand(DeploymentContext context, String command, Boolean ignoreManifest, CancellationToken token, String message) in /tmp/KuduLite/Kudu.Core/Deployment/Generator/ExternalCommandBuilder.cs:line 122" /><!-- duration: 5ms -->
                    <step title="Error occurred" date="2025-08-03T21:39:03.034" type="error" text="tar: Unexpected EOF in archive
tar: Unexpected EOF in archive
tar: Error is not recoverable: exiting now
/bin/bash -c &quot;oryx build /tmp/zipdeploy/extracted -o /home/site/wwwroot --platform python --platform-version 3.11 -p virtualenv_name=antenv --log-file /tmp/build-debug.log  -i /tmp/8ddd2d617330cd1 --compress-destination-dir | tee /tmp/oryx-build.log ; exit $PIPESTATUS &quot;" stackTrace="   at Kudu.Core.Infrastructure.Executable.ExecuteInternal(ITracer tracer, Func`2 onWriteOutput, Func`2 onWriteError, CancellationToken token, Encoding encoding, String arguments, Object[] args) in /tmp/KuduLite/Kudu.Core/Infrastructure/Executable.cs:line 239
   at Kudu.Core.Infrastructure.Executable.ExecuteWithProgressWriter(ILogger logger, ITracer tracer, CancellationToken token, String arguments, Object[] args) in /tmp/KuduLite/Kudu.Core/Infrastructure/Executable.cs:line 118
   at Kudu.Core.Deployment.Generator.ExternalCommandBuilder.RunCommand(DeploymentContext context, String command, Boolean ignoreManifest, CancellationToken token, String message) in /tmp/KuduLite/Kudu.Core/Deployment/Generator/ExternalCommandBuilder.cs:line 122
   at Kudu.Core.Deployment.Generator.OryxBuilder.RunBuildCommand(IOryxArguments args, DeploymentContext context, CancellationToken token) in /tmp/KuduLite/Kudu.Core/Deployment/Generator/OryxBuilder.cs:line 282
   at Kudu.Core.Deployment.Generator.OryxBuilder.Build(DeploymentContext context, CancellationToken token) in /tmp/KuduLite/Kudu.Core/Deployment/Generator/OryxBuilder.cs:line 123
   at Kudu.Core.Deployment.DeploymentManager.Build(ChangeSet changeSet, ITracer tracer, IDisposable deployStep, IRepository repository, DeploymentInfoBase deploymentInfo, DeploymentAnalytics deploymentAnalytics, Boolean fullBuildByDefault, CancellationToken cancellationToken) in /tmp/KuduLite/Kudu.Core/Deployment/DeploymentManager.cs:line 771" /><!-- duration: 5ms -->
