<step title="Incoming Request" date="2025-08-04T01:00:42.461" instance="e2467e" url="/api/publish?type=zip" method="POST" type="request" pid="768,1,62" Accept="*/*" Host="white-label-chat-km-cxhkhjd0aecsf9ah.scm.centralus-01.azurewebsites.net" User-Agent="AZURECLI/2.75.0 (MSI)" Accept-Encoding="gzip, deflate" Authorization="Bas..." Cache-Control="no-cache" Content-Type="application/octet-stream" Cookie="ARRAffinity=e2467e47d35990645d1677416288076d773dc49712609e83213855e07b4fc62f; ARRAffinitySameSite=e2467e47d35990645d1677416288076d773dc49712609e83213855e07b4fc62f" Content-Length="1357" x-ms-client-request-id="6b956fb6-70ce-11f0-b6ab-9c67d682987a" x-ms-artifact-checksum="c20c24e8d27065a4ad1ceb3b6e95dcdf6a6cf6236c58e61724008f579fda4fd2" X-ARR-LOG-ID="6b956fb6-70ce-11f0-b6ab-9c67d682987a" CLIENT-IP="167.248.114.72:51122" X-SITE-DEPLOYMENT-ID="white-label-chat-km" WAS-DEFAULT-HOSTNAME="white-label-chat-km-cxhkhjd0aecsf9ah.scm.centralus-01.azurewebsites.net" X-Forwarded-Proto="https" X-AppService-Proto="https" X-Forwarded-TlsVersion="1.3" X-WAWS-Unencoded-URL="/api/publish?type=zip" X-Client-IP="167.248.114.72" X-Client-Port="51122" >
  <step title="OneDeploy" date="2025-08-04T01:00:42.491" >
    <step title="Starting PushDeployAsync" date="2025-08-04T01:00:42.499" /><!-- duration: 3ms -->
    <step title="Writing artifact to /tmp/zipdeploy/510f26d4-34bc-4dd1-a20c-4fc680199fc7.zip" date="2025-08-04T01:00:42.519" >
      <step title="Writing multipart request body to /tmp/zipdeploy/510f26d4-34bc-4dd1-a20c-4fc680199fc7.zip" date="2025-08-04T01:00:42.523" /><!-- duration: 8ms -->
    </step><!-- duration: 58ms -->
    <step title="Removing previous build artifact&apos;s manifest file" date="2025-08-04T01:00:42.594" >
      <step title="Attempting to fetch target branch HEAD" date="2025-08-04T01:00:42.616" /><!-- duration: 2ms -->
      <step title="Acquiring Deployment Lock" date="2025-08-04T01:00:42.623" /><!-- duration: 4ms -->
      <step title="Acquired Deployment Lock" date="2025-08-04T01:00:42.682" /><!-- duration: 5ms -->
      <step title="Performing fetch based deployment" date="2025-08-04T01:00:42.696" >
        <step title="Creating temporary deployment" date="2025-08-04T01:00:42.706" /><!-- duration: 65ms -->
        <step title="Releasing Deployment Lock" date="2025-08-04T01:00:43.930" /><!-- duration: 15ms -->
        <step title="Cleaning up temp folders from previous zip deployments and extracting pushed zip file /tmp/zipdeploy/510f26d4-34bc-4dd1-a20c-4fc680199fc7.zip (0.00 MB) to /tmp/zipdeploy/extracted" date="2025-08-04T01:00:43.976" >
          <step title="ChmodRecursive Process exited with total time taken in ms: 126" date="2025-08-04T01:00:44.116" /><!-- duration: 16ms -->
        </step><!-- duration: 167ms -->
        <step title="None repository commit" date="2025-08-04T01:00:44.154" >
          <step title="Commit id: 60ded7e9-96f2-43a0-8031-c4c9bb37b08c" date="2025-08-04T01:00:44.163" Message="OneDeploy" AuthorName="N/A" AuthorEmail="N/A" /><!-- duration: 9ms -->
        </step><!-- duration: 21ms -->
        <step title="Deployment timer started" date="2025-08-04T01:00:46.184" >
          <step title="DeploymentManager.Deploy(id:60ded7e9-96f2-43a0-8031-c4c9bb37b08c)" date="2025-08-04T01:00:46.194" >
            <step title="Collecting changeset information" date="2025-08-04T01:00:46.234" /><!-- duration: 100ms -->
            <step title="Updating submodules" date="2025-08-04T01:00:46.342" /><!-- duration: 1163ms -->
            <step title="Determining deployment builder" date="2025-08-04T01:00:47.726" >
              <step title="Builder is OryxBuilder" date="2025-08-04T01:00:47.749" /><!-- duration: 4ms -->
            </step><!-- duration: 31ms -->
            <step title="PreDeployment: context.CleanOutputPath False" date="2025-08-04T01:00:47.807" >
              <step title="PreDeployment: context.OutputPath /home/site/wwwroot" date="2025-08-04T01:00:47.921" >
                <step title="Building" date="2025-08-04T01:00:48.050" >
                  <step title="Executing external process" date="2025-08-04T01:00:48.388" type="process" path="bash" arguments="-c &quot;oryx build /tmp/zipdeploy/extracted -o /home/site/wwwroot --platform python --platform-version 3.11 -p virtualenv_name=antenv --log-file /tmp/build-debug.log  -i /tmp/8ddd2f2593db0de --compress-destination-dir | tee /tmp/oryx-build.log ; exit $PIPESTATUS &quot;" /><!-- duration: 30219ms -->
                  <step title="Using PythonDeploymentLogParser" date="2025-08-04T01:01:18.972" /><!-- duration: 5ms -->
                  <step title="Modified file to trigger a restart of the app container." date="2025-08-04T01:01:20.311" /><!-- duration: 6ms -->
                  <step title="Skip function trigger and logicapp sync because function is not enabled." date="2025-08-04T01:01:20.331" /><!-- duration: 5ms -->
                  <step title="Purge deployment items" date="2025-08-04T01:01:21.490" >
                    <step title="Remove temp-2607, Pending, received at 08/04/2025 01:00:42" date="2025-08-04T01:01:21.572" /><!-- duration: 6ms -->
                    <step title="Remove 706fbeea-, Success, received at 08/03/2025 22:49:31" date="2025-08-04T01:01:21.641" /><!-- duration: 5ms -->
                  </step><!-- duration: 160ms -->
                </step><!-- duration: 33663ms -->
              </step><!-- duration: 33798ms -->
              <step title="Cleaning up temp files" date="2025-08-04T01:01:21.724" /><!-- duration: 217ms -->
              <step title="Cleaning up temp files" date="2025-08-04T01:01:21.949" /><!-- duration: 522ms -->
              <step title="Reloading status file with latest updates" date="2025-08-04T01:01:22.497" >
                <step title="WebHooksManager.PublishEventAsync: PostDeployment" date="2025-08-04T01:01:22.518" /><!-- duration: 54ms -->
              </step><!-- duration: 78ms -->
              <step title="Cleaning up temporary deployment - fetch deployment was successful" date="2025-08-04T01:01:22.584" /><!-- duration: 4ms -->
            </step><!-- duration: 34853ms -->
          </step><!-- duration: 36473ms -->
          <step title="Outgoing response" date="2025-08-04T01:01:22.685" type="response" statusCode="200" statusText="OK" /><!-- duration: 4ms -->
        </step><!-- duration: 36511ms -->
