<step title="Incoming Request" date="2025-08-03T22:10:37.447" instance="e2467e" url="/api/publish?type=zip" method="POST" type="request" pid="767,1,22" Accept="*/*" Host="white-label-chat-km-cxhkhjd0aecsf9ah.scm.centralus-01.azurewebsites.net" User-Agent="AZURECLI/2.75.0 (MSI)" Accept-Encoding="gzip, deflate" Authorization="Bas..." Cache-Control="no-cache" Content-Type="application/octet-stream" Cookie="ARRAffinity=e2467e47d35990645d1677416288076d773dc49712609e83213855e07b4fc62f; ARRAffinitySameSite=e2467e47d35990645d1677416288076d773dc49712609e83213855e07b4fc62f" Content-Length="5982323" x-ms-client-request-id="a95e93e8-70b6-11f0-a82e-9c67d682987a" x-ms-artifact-checksum="c50c2d0bbb47ba088fdcbd7f850849b01768818cccb7674749a28a3300c4c861" X-ARR-LOG-ID="a95e93e8-70b6-11f0-a82e-9c67d682987a" CLIENT-IP="167.248.114.72:59007" X-SITE-DEPLOYMENT-ID="white-label-chat-km" WAS-DEFAULT-HOSTNAME="white-label-chat-km-cxhkhjd0aecsf9ah.scm.centralus-01.azurewebsites.net" X-Forwarded-Proto="https" X-AppService-Proto="https" X-Forwarded-TlsVersion="1.3" X-WAWS-Unencoded-URL="/api/publish?type=zip" X-Client-IP="167.248.114.72" X-Client-Port="59007" >
  <step title="OneDeploy" date="2025-08-03T22:10:37.488" >
    <step title="Starting PushDeployAsync" date="2025-08-03T22:10:37.511" /><!-- duration: 7ms -->
    <step title="Writing artifact to /tmp/zipdeploy/444dcccd-fa7d-48ff-a8e0-4e92d8766c90.zip" date="2025-08-03T22:10:37.557" >
      <step title="Writing multipart request body to /tmp/zipdeploy/444dcccd-fa7d-48ff-a8e0-4e92d8766c90.zip" date="2025-08-03T22:10:37.566" /><!-- duration: 10ms -->
    </step><!-- duration: 319ms -->
    <step title="Removing previous build artifact&apos;s manifest file" date="2025-08-03T22:10:37.892" >
      <step title="Attempting to fetch target branch HEAD" date="2025-08-03T22:10:37.916" /><!-- duration: 5ms -->
      <step title="Acquiring Deployment Lock" date="2025-08-03T22:10:37.940" /><!-- duration: 3ms -->
      <step title="Acquired Deployment Lock" date="2025-08-03T22:10:37.990" /><!-- duration: 3ms -->
      <step title="Performing fetch based deployment" date="2025-08-03T22:10:38.007" >
        <step title="Creating temporary deployment" date="2025-08-03T22:10:38.014" /><!-- duration: 106ms -->
        <step title="Releasing Deployment Lock" date="2025-08-03T22:10:39.277" /><!-- duration: 18ms -->
        <step title="Cleaning up temp folders from previous zip deployments and extracting pushed zip file /tmp/zipdeploy/444dcccd-fa7d-48ff-a8e0-4e92d8766c90.zip (5.71 MB) to /tmp/zipdeploy/extracted" date="2025-08-03T22:10:39.326" >
          <step title="ChmodRecursive Process exited with total time taken in ms: 139" date="2025-08-03T22:10:40.665" /><!-- duration: 11ms -->
        </step><!-- duration: 1353ms -->
        <step title="None repository commit" date="2025-08-03T22:10:40.695" >
          <step title="Commit id: a9721f24-f6c2-42da-b8e1-19eb143802b1" date="2025-08-03T22:10:40.713" Message="OneDeploy" AuthorName="N/A" AuthorEmail="N/A" /><!-- duration: 4ms -->
        </step><!-- duration: 25ms -->
        <step title="Deployment timer started" date="2025-08-03T22:10:42.730" >
          <step title="DeploymentManager.Deploy(id:a9721f24-f6c2-42da-b8e1-19eb143802b1)" date="2025-08-03T22:10:42.771" >
            <step title="Collecting changeset information" date="2025-08-03T22:10:42.867" /><!-- duration: 174ms -->
            <step title="Updating submodules" date="2025-08-03T22:10:43.071" /><!-- duration: 1198ms -->
            <step title="Determining deployment builder" date="2025-08-03T22:10:44.501" >
              <step title="Builder is OryxBuilder" date="2025-08-03T22:10:44.531" /><!-- duration: 4ms -->
            </step><!-- duration: 38ms -->
            <step title="PreDeployment: context.CleanOutputPath False" date="2025-08-03T22:10:44.594" >
              <step title="PreDeployment: context.OutputPath /home/site/wwwroot" date="2025-08-03T22:10:44.706" >
                <step title="Building" date="2025-08-03T22:10:44.825" >
                  <step title="Executing external process" date="2025-08-03T22:10:45.187" type="process" path="bash" arguments="-c &quot;oryx build /tmp/zipdeploy/extracted -o /home/site/wwwroot --platform python --platform-version 3.11 -p virtualenv_name=antenv --log-file /tmp/build-debug.log  -i /tmp/8ddd2da97a78839 --compress-destination-dir | tee /tmp/oryx-build.log ; exit $PIPESTATUS &quot;" /><!-- duration: 134711ms -->
                  <step title="Using PythonDeploymentLogParser" date="2025-08-03T22:13:00.340" /><!-- duration: 3ms -->
                  <step title="Modified file to trigger a restart of the app container." date="2025-08-03T22:13:01.570" /><!-- duration: 5ms -->
                  <step title="Skip function trigger and logicapp sync because function is not enabled." date="2025-08-03T22:13:01.588" /><!-- duration: 10ms -->
                </step><!-- duration: 137809ms -->
              </step><!-- duration: 137935ms -->
              <step title="Cleaning up temp files" date="2025-08-03T22:13:02.644" /><!-- duration: 904ms -->
              <step title="Cleaning up temp files" date="2025-08-03T22:13:03.553" /><!-- duration: 522ms -->
              <step title="Reloading status file with latest updates" date="2025-08-03T22:13:04.130" >
                <step title="WebHooksManager.PublishEventAsync: PostDeployment" date="2025-08-03T22:13:04.136" /><!-- duration: 83ms -->
              </step><!-- duration: 106ms -->
              <step title="Cleaning up temporary deployment - fetch deployment was successful" date="2025-08-03T22:13:04.265" /><!-- duration: 13ms -->
            </step><!-- duration: 139801ms -->
          </step><!-- duration: 141644ms -->
          <step title="Outgoing response" date="2025-08-03T22:13:04.465" type="response" statusCode="200" statusText="OK" /><!-- duration: 4ms -->
        </step><!-- duration: 141743ms -->
