﻿<?xml version="1.0" encoding="utf-8"?>
<deployment>
  <id>01c4c4dc-9194-4740-a2c6-9fe62b9977f6</id>
  <author>N/A</author>
  <deployer>Push-Deployer</deployer>
  <authorEmail>N/A</authorEmail>
  <message>Created via a push deployment</message>
  <progress></progress>
  <status>Success</status>
  <statusText></statusText>
  <lastSuccessEndTime>2025-08-04T21:38:33.2234119Z</lastSuccessEndTime>
  <receivedTime>2025-08-04T21:35:43.8418981Z</receivedTime>
  <startTime>2025-08-04T21:35:45.2161576Z</startTime>
  <endTime>2025-08-04T21:38:33.2234119Z</endTime>
  <complete>True</complete>
  <is_temp>False</is_temp>
  <is_readonly>True</is_readonly>
  <buildSummary />
</deployment>