﻿<?xml version="1.0" encoding="utf-8"?>
<deployment>
  <id>6f7e4ddd-a9ce-4e1e-ac78-c056f9c83ac0</id>
  <author>N/A</author>
  <deployer>OneDeploy</deployer>
  <authorEmail>N/A</authorEmail>
  <message>OneDeploy</message>
  <progress></progress>
  <status>Success</status>
  <statusText></statusText>
  <lastSuccessEndTime>2025-08-04T19:43:42.1562279Z</lastSuccessEndTime>
  <receivedTime>2025-08-04T19:40:40.9542833Z</receivedTime>
  <startTime>2025-08-04T19:40:42.6046776Z</startTime>
  <endTime>2025-08-04T19:43:42.1562279Z</endTime>
  <complete>True</complete>
  <is_temp>False</is_temp>
  <is_readonly>True</is_readonly>
  <buildSummary />
</deployment>