﻿<?xml version="1.0" encoding="utf-8"?>
<deployment>
  <id>e3904279-1384-472f-a0b5-410c9b649cbf</id>
  <author>N/A</author>
  <deployer>Push-Deployer</deployer>
  <authorEmail>N/A</authorEmail>
  <message>Created via a push deployment</message>
  <progress></progress>
  <status>Success</status>
  <statusText></statusText>
  <lastSuccessEndTime>2025-08-04T22:00:25.9860715Z</lastSuccessEndTime>
  <receivedTime>2025-08-04T21:56:45.7265711Z</receivedTime>
  <startTime>2025-08-04T21:56:47.2042761Z</startTime>
  <endTime>2025-08-04T22:00:25.9860715Z</endTime>
  <complete>True</complete>
  <is_temp>False</is_temp>
  <is_readonly>True</is_readonly>
  <buildSummary />
</deployment>