﻿<?xml version="1.0" encoding="utf-8"?>
<deployment>
  <id>66b824dc-8aaf-4fa2-a933-394438f6188a</id>
  <author>N/A</author>
  <deployer>Push-Deployer</deployer>
  <authorEmail>N/A</authorEmail>
  <message>Created via a push deployment</message>
  <progress></progress>
  <status>Success</status>
  <statusText></statusText>
  <lastSuccessEndTime>2025-08-04T13:13:21.6788351Z</lastSuccessEndTime>
  <receivedTime>2025-08-04T13:13:16.5737229Z</receivedTime>
  <startTime>2025-08-04T13:13:17.8972781Z</startTime>
  <endTime>2025-08-04T13:13:21.6788351Z</endTime>
  <complete>True</complete>
  <is_temp>False</is_temp>
  <is_readonly>True</is_readonly>
  <buildSummary />
</deployment>